{
  "$type": "Darkages.Types.MundaneTemplate, Darkages.Server",
  "WalkRate": 0,
  "TurnRate": 0,
  "CastRate": 0,
  "EnableCasting": false,
  "Spells": null,
  "Skills": null,
  "Image": 16455,
  "Level": 99,
  "ScriptKey": "Banker",
  "EnableWalking": false,
  "EnableTurning": false,
  "EnableAttacking": false,
  "EnableSpeech": true,
  "AttackPlayers": false,
  "Speech": {
    "$type": "System.Collections.ObjectModel.Collection`1[[System.String, mscorlib]], mscorlib",
    "$values": [
      "So you found my rape dungeon ay cunt?",
      "I'll bite your face"
    ]
  },
  "X": 19,
  "Y": 9,
  "AreaID": 2,
  "Direction": 1,
  "MaximumHp": 0,
  "MaximumMp": 0,
  "QuestKey": null,
  "Waypoints": null,
  "PathQualifer": 0,
  "ViewingQualifer": 0,
  "Name": "Alf Stewert",
  "Description": null,
  "Group": null
}