{
  "$type": "Darkages.Types.MundaneTemplate, Darkages.Server",
  "WalkRate": 0,
  "TurnRate": 0,
  "CastRate": 0,
  "EnableCasting": true,
  "Spells": {
    "$type": "System.Collections.Generic.List`1[[System.String, mscorlib]], mscorlib",
    "$values": [
      "deo saighead",
      "mor cradh",
      "pramh",
      "mor fas nadur"
    ]
  },
  "Skills": null,
  "Image": 16738,
  "Level": 99,
  "ScriptKey": "welcome aisling",
  "EnableWalking": false,
  "EnableTurning": true,
  "EnableAttacking": true,
  "EnableSpeech": true,
  "AttackPlayers": false,
  "Speech": {
    "$type": "System.Collections.ObjectModel.Collection`1[[System.String, mscorlib]], mscorlib",
    "$values": [
      "I'll Save you.",
      "Stick with me kid.",
      "it's a nice night, tonight.",
      "Right?",
      "Exit this way.",
      "Head for Rucession, if i were you."
    ]
  },
  "X": 49,
  "Y": 18,
  "AreaID": 101,
  "Direction": 1,
  "MaximumHp": 0,
  "MaximumMp": 0,
  "QuestKey": "welcome trials 2",
  "Waypoints": null,
  "PathQualifer": 0,
  "Name": "Arch Wizard",
  "Description": null,
  "Group": null
}