{
  "$type": "Darkages.Types.MundaneTemplate, Darkages.Server",
  "WalkRate": 0,
  "TurnRate": 0,
  "CastRate": 0,
  "EnableCasting": false,
  "Spells": null,
  "Skills": null,
  "Image": 17131,
  "Level": 5000,
  "ScriptKey": "shop2",
  "EnableWalking": false,
  "EnableTurning": false,
  "EnableAttacking": false,
  "EnableSpeech": false,
  "AttackPlayers": false,
  "Speech": {
    "$type": "System.Collections.ObjectModel.Collection`1[[System.String, mscorlib]], mscorlib",
    "$values": []
  },
  "X": 21,
  "Y": 2,
  "AreaID": 6,
  "Direction": 2,
  "MaximumHp": 0,
  "MaximumMp": 0,
  "QuestKey": null,
  "Waypoints": null,
  "PathQualifer": 0,
  "ViewingQualifer": 0,
  "Name": "Arms Dealer",
  "Description": null,
  "Group": null
}