{
  "$type": "Darkages.Types.MundaneTemplate, Darkages.Server",
  "EnableCasting": true,
  "Spells": {
    "$type": "System.Collections.Generic.List`1[[System.String, mscorlib]], mscorlib",
    "$values": [
      "mor fas nadur",
      "armachd",
      "beag ioc",
      "dia deo saighead"
    ]
  },
  "Image": 16734,
  "Level": 99,
  "ScriptKey": "welcome aisling",
  "EnableWalking": false,
  "EnableTurning": true,
  "EnableAttacking": true,
  "EnableSpeech": false,
  "Speech": {
    "$type": "System.Collections.ObjectModel.Collection`1[[System.String, mscorlib]], mscorlib",
    "$values": []
  },
  "X": 38,
  "Y": 19,
  "AreaID": 101,
  "Direction": 2,
  "MaximumHp": 0,
  "MaximumMp": 0,
  "QuestKey": "welcome trials 3",
  "Name": "Ascended Priest"
}