{
  "$type": "Darkages.Types.MundaneTemplate, Darkages.Server",
  "Image": 0x41B2,
  "Level": 99,
  "ScriptKey": "Banker",
  "EnableWalking": false,
  "EnableTurning": false,
  "EnableAttacking": false,
  "EnableSpeech": true,
  "Speech": {
    "$type": "System.Collections.ObjectModel.Collection`1[[System.String, mscorlib]], mscorlib",
    "$values": [
	"hey cutie",
	"mmm"
	]
  },
  "X": 103,
  "Y": 9,
  "AreaID": 1,
  "Direction": 1,
  "MaximumHp": 0,
  "MaximumMp": 0,
  "Name": "Mia Kalifa"
}