{
  "$type": "Darkages.Types.MundaneTemplate, Darkages.Server",
  "WalkRate": 0,
  "TurnRate": 0,
  "CastRate": 0,
  "EnableCasting": false,
  "Spells": null,
  "Skills": null,
  "Image": 16452,
  "Level": 99,
  "ScriptKey": "Barren Lord",
  "EnableWalking": false,
  "EnableTurning": false,
  "EnableAttacking": false,
  "EnableSpeech": true,
  "AttackPlayers": false,
  "Speech": {
    "$type": "System.Collections.ObjectModel.Collection`1[[System.String, mscorlib]], mscorlib",
    "$values": [
      "Looks like you dead.",
      "noob.",
      "haha, another victem.",
      "a vietnamese sodomy survivor!,",
      "look, another one bites the dust.",
      "haha, look at this noob.",
      "welcome.",
      "welcome, aisling.",
      "so, you are here."
    ]
  },
  "X": 17,
  "Y": 16,
  "AreaID": 88888,
  "Direction": 1,
  "MaximumHp": 0,
  "MaximumMp": 0,
  "QuestKey": null,
  "Waypoints": null,
  "PathQualifer": 0,
  "Name": "Barren Lord",
  "Description": null,
  "Group": null
}