{
  "$type": "Darkages.Types.MundaneTemplate, Darkages.Server",
  "WalkRate": 0,
  "TurnRate": 0,
  "CastRate": 0,
  "EnableCasting": false,
  "Spells": null,
  "Skills": null,
  "Image": 16417,
  "Level": 99,
  "ScriptKey": "tut/OldMan",
  "EnableWalking": false,
  "EnableTurning": false,
  "EnableAttacking": false,
  "EnableSpeech": false,
  "AttackPlayers": false,
  "Speech": {
    "$type": "System.Collections.ObjectModel.Collection`1[[System.String, mscorlib]], mscorlib",
    "$values": []
  },
  "X": 29,
  "Y": 21,
  "AreaID": 888,
  "Direction": 2,
  "MaximumHp": 0,
  "MaximumMp": 0,
  "QuestKey": null,
  "Waypoints": null,
  "PathQualifer": 0,
  "ViewingQualifer": 0,
  "Name": "Bartley",
  "Description": "Some random old man from the tutorial. He sounds like he know's a bit.",
  "Group": null
}