{
  "$type": "Darkages.Types.MundaneTemplate, Darkages.Server",
  "Image": 0x4395,
  "Level": 99,
  "ScriptKey": "Class Chooser",
  "EnableWalking": false,
  "EnableTurning": false,
  "EnableAttacking": false,
  "EnableSpeech": false,
  "Speech": {
    "$type": "System.Collections.ObjectModel.Collection`1[[System.String, mscorlib]], mscorlib",
    "$values": []
  },
  "X": 5,
  "Y": 5,
  "AreaID": 1007,
  "Direction": 0,
  "MaximumHp": 0,
  "MaximumMp": 0,
  "Name": "The Forsaken"
}