{
  "$type": "Darkages.Types.MundaneTemplate, Darkages.Server",
  "WalkRate": 0,
  "TurnRate": 0,
  "CastRate": 0,
  "EnableCasting": true,
  "Spells": {
    "$type": "System.Collections.Generic.List`1[[System.String, mscorlib]], mscorlib",
    "$values": [
      "ard sal",
      "ard srad",
      "deo saighead",
      "mor strioch pian gar"
    ]
  },
  "Skills": null,
  "Image": 16738,
  "Level": 99,
  "ScriptKey": "",
  "EnableWalking": false,
  "EnableTurning": true,
  "EnableAttacking": true,
  "EnableSpeech": true,
  "AttackPlayers": false,
  "Speech": {
    "$type": "System.Collections.ObjectModel.Collection`1[[System.String, mscorlib]], mscorlib",
    "$values": [
      "Hm."
    ]
  },
  "X": 57,
  "Y": 40,
  "AreaID": 99,
  "Direction": 1,
  "MaximumHp": 0,
  "MaximumMp": 0,
  "QuestKey": "",
  "Waypoints": null,
  "PathQualifer": 0,
  "ViewingQualifer": 0,
  "Name": "Curious Arch Wizard",
  "Description": null,
  "Group": null
}