{
  "$type": "Darkages.Types.MundaneTemplate, Darkages.Server",
  "WalkRate": 0,
  "TurnRate": 0,
  "CastRate": 0,
  "EnableCasting": false,
  "Spells": null,
  "Skills": null,
  "Image": 16421,
  "Level": 99,
  "ScriptKey": "The Grand Master",
  "EnableWalking": false,
  "EnableTurning": false,
  "EnableAttacking": false,
  "EnableSpeech": true,
  "AttackPlayers": false,
  "Speech": {
    "$type": "System.Collections.ObjectModel.Collection`1[[System.String, mscorlib]], mscorlib",
    "$values": [
      "Let me teach you the darkest of things.",
      "Only the wise may learn from me.",
      "Magic."
    ]
  },
  "X": 7,
  "Y": 7,
  "AreaID": 1014,
  "Direction": 3,
  "MaximumHp": 5000,
  "MaximumMp": 2000,
  "QuestKey": null,
  "Waypoints": null,
  "PathQualifer": 0,
  "ViewingQualifer": 0,
  "Name": "Dar",
  "Description": null,
  "Group": null
}