{
  "$type": "Darkages.Types.SkillTemplate, Darkages.Server",
  "ID": 1583511864,
  "Icon": 1,
  "ScriptName": "Assail",
  "LevelRate": 0.25,
  "Cooldown": 0,
  "MaxLevel": 100,
  "MissAnimation": 0,
  "TargetAnimation": 0,
  "FailMessage": "failed.",
  "Type": 0,
  "Pane": 2,
  "PostQualifers": 0,
  "Sound": 1,
  "Debuff": null,
  "Buff": null,
  "Prerequisites": {
    "$type": "Darkages.Types.LearningPredicate, Darkages.Server",
    "Quests_Completed_Required": {
      "$type": "System.Collections.Generic.List`1[[System.String, mscorlib]], mscorlib",
      "$values": []
    },
    "Areas_Visited_Required": {
      "$type": "System.Collections.Generic.List`1[[System.UInt16, mscorlib]], mscorlib",
      "$values": []
    },
    "Items_Required": {
      "$type": "System.Collections.Generic.List`1[[Darkages.Types.ItemPredicate, Darkages.Server]], mscorlib",
      "$values": [
        {
          "$type": "Darkages.Types.ItemPredicate, Darkages.Server",
          "Item": "Viper's Gland",
          "AmountRequired": 1
        }
      ]
    },
    "Stage_Required": 0,
    "Class_Required": 1,
    "ExpLevel_Required": 6,
    "Str_Required": 5,
    "Int_Required": 0,
    "Wis_Required": 0,
    "Dex_Required": 8,
    "Con_Required": 9,
    "Gold_Required": 500,
    "Skill_Required": "Assail",
    "Skill_Level_Required": 15,
    "Skill_Tier_Required": 0,
    "Spell_Required": null,
    "Spell_Level_Required": 0,
    "Spell_Tier_Required": 0
  },
  "NpcKey": "Combat Trainer",
  "TierLevel": 9,
  "Description": "\tSecond Assail. Makes your space bar deal additional physical damage",
  "Name": "Assault"
}