{
  "$type": "Darkages.Types.SkillTemplate, Darkages.Server",
  "ID": 1,
  "Icon": 11,
  "ScriptName": "Clobber",
  "LevelRate": 4.0,
  "Cooldown": 0,
  "MaxLevel": 100,
  "MissAnimation": 0,
  "TargetAnimation": 268,
  "FailMessage": null,
  "Type": 0,
  "Pane": 1,
  "PostQualifers": 0,
  "Sound": 1,
  "Debuff": null,
  "Buff": null,
  "Prerequisites": {
    "$type": "Darkages.Types.LearningPredicate, Darkages.Server",
    "Quests_Completed_Required": {
      "$type": "System.Collections.Generic.List`1[[System.String, mscorlib]], mscorlib",
      "$values": []
    },
    "Areas_Visited_Required": {
      "$type": "System.Collections.Generic.List`1[[System.UInt16, mscorlib]], mscorlib",
      "$values": []
    },
    "Items_Required": {
      "$type": "System.Collections.Generic.List`1[[Darkages.Types.ItemPredicate, Darkages.Server]], mscorlib",
      "$values": [
        {
          "$type": "Darkages.Types.ItemPredicate, Darkages.Server",
          "Item": "Hag's Replica Girdle",
          "AmountRequired": 1
        },
        {
          "$type": "Darkages.Types.ItemPredicate, Darkages.Server",
          "Item": "Goblin's Skull",
          "AmountRequired": 5
        },
        {
          "$type": "Darkages.Types.ItemPredicate, Darkages.Server",
          "Item": "Bee's Wax",
          "AmountRequired": 3
        }
      ]
    },
    "Stage_Required": 0,
    "Class_Required": 1,
    "ExpLevel_Required": 13,
    "Str_Required": 21,
    "Int_Required": 0,
    "Wis_Required": 0,
    "Dex_Required": 8,
    "Con_Required": 10,
    "Gold_Required": 25000,
    "Skill_Required": "Assault",
    "Skill_Level_Required": 70,
    "Skill_Tier_Required": 0,
    "Spell_Required": null,
    "Spell_Level_Required": 0,
    "Spell_Tier_Required": 0
  },
  "NpcKey": "Combat Trainer",
  "TierLevel": 0,
  "Description": "A third Assail, Makes your space bar even stronger!",
  "Name": "Clobber"
}