{
  "$type": "Darkages.Types.SkillTemplate, Darkages.Server",
  "ID": 1,
  "Icon": 3,
  "ScriptName": "Krane Kick",
  "LevelRate": 0.05,
  "Cooldown": 5,
  "MaxLevel": 100,
  "MissAnimation": 0,
  "TargetAnimation": 203,
  "FailMessage": "failed",
  "Type": 1,
  "Pane": 1,
  "PostQualifers": 1,
  "Sound": 127,
  "Debuff": null,
  "Buff": null,
  "Prerequisites": {
    "$type": "Darkages.Types.LearningPredicate, Darkages.Server",
    "Quests_Completed_Required": {
      "$type": "System.Collections.Generic.List`1[[System.String, mscorlib]], mscorlib",
      "$values": []
    },
    "Areas_Visited_Required": {
      "$type": "System.Collections.Generic.List`1[[System.UInt16, mscorlib]], mscorlib",
      "$values": []
    },
    "Items_Required": {
      "$type": "System.Collections.Generic.List`1[[Darkages.Types.ItemPredicate, Darkages.Server]], mscorlib",
      "$values": []
    },
    "Stage_Required": 0,
    "Class_Required": 5,
    "ExpLevel_Required": 3,
    "Str_Required": 0,
    "Int_Required": 0,
    "Wis_Required": 0,
    "Dex_Required": 0,
    "Con_Required": 0,
    "Gold_Required": 1500,
    "Skill_Required": null,
    "Skill_Level_Required": 0,
    "Skill_Tier_Required": 0,
    "Spell_Required": null,
    "Spell_Level_Required": 0,
    "Spell_Tier_Required": 0
  },
  "NpcKey": "Combat Trainer",
  "TierLevel": 9,
  "Description": "Leverage Objects surrounding you, To deliver a powerful kick.",
  "Name": "Krane Kick"
}