{
  "$type": "Darkages.Types.SkillTemplate, Darkages.Server",
  "ID": 63657746,
  "Icon": 11,
  "ScriptName": "Wallop",
  "LevelRate": 0.03,
  "Cooldown": 0,
  "MaxLevel": 100,
  "MissAnimation": 0,
  "TargetAnimation": 166,
  "FailMessage": "Wallop has failed.",
  "Type": 0,
  "Pane": 2,
  "PostQualifers": 0,
  "Sound": 1,
  "Debuff": null,
  "Buff": null,
  "Prerequisites": {
    "$type": "Darkages.Types.LearningPredicate, Darkages.Server",
    "Quests_Completed_Required": {
      "$type": "System.Collections.Generic.List`1[[System.String, mscorlib]], mscorlib",
      "$values": []
    },
    "Areas_Visited_Required": {
      "$type": "System.Collections.Generic.List`1[[System.UInt16, mscorlib]], mscorlib",
      "$values": []
    },
    "Items_Required": {
      "$type": "System.Collections.Generic.List`1[[Darkages.Types.ItemPredicate, Darkages.Server]], mscorlib",
      "$values": [
        {
          "$type": "Darkages.Types.ItemPredicate, Darkages.Server",
          "Item": "Greater Bat's Wing",
          "AmountRequired": 10
        },
        {
          "$type": "Darkages.Types.ItemPredicate, Darkages.Server",
          "Item": "Bee's Honey",
          "AmountRequired": 5
        }
      ]
    },
    "Stage_Required": 0,
    "Class_Required": 1,
    "ExpLevel_Required": 24,
    "Str_Required": 25,
    "Int_Required": 0,
    "Wis_Required": 0,
    "Dex_Required": 10,
    "Con_Required": 19,
    "Gold_Required": 50000,
    "Skill_Required": "Clobber",
    "Skill_Level_Required": 100,
    "Skill_Tier_Required": 0,
    "Spell_Required": null,
    "Spell_Level_Required": 0,
    "Spell_Tier_Required": 0
  },
  "NpcKey": "Combat Trainer",
  "TierLevel": 9,
  "Description": " A powerful Fourth Assail. Makes your space bar deal additional physical damage",
  "Name": "Wallop"
}