{
  "$type": "Darkages.Types.SkillTemplate, Darkages.Server",
  "ID": 4,
  "Icon": 15,
  "ScriptName": "Wind Blade",
  "LevelRate": 0.01,
  "Cooldown": 3,
  "MaxLevel": 100,
  "MissAnimation": 0,
  "TargetAnimation": 248,
  "FailMessage": "Windblade has failed.",
  "Type": 1,
  "Pane": 1,
  "PostQualifers": 0,
  "Sound": 18,
  "Debuff": null,
  "Buff": null,
  "Prerequisites": {
    "$type": "Darkages.Types.LearningPredicate, Darkages.Server",
    "Quests_Completed_Required": {
      "$type": "System.Collections.Generic.List`1[[System.String, mscorlib]], mscorlib",
      "$values": []
    },
    "Areas_Visited_Required": {
      "$type": "System.Collections.Generic.List`1[[System.UInt16, mscorlib]], mscorlib",
      "$values": []
    },
    "Items_Required": {
      "$type": "System.Collections.Generic.List`1[[Darkages.Types.ItemPredicate, Darkages.Server]], mscorlib",
      "$values": [
        {
          "$type": "Darkages.Types.ItemPredicate, Darkages.Server",
          "Item": "Goblin's Skull",
          "AmountRequired": 3
        },
        {
          "$type": "Darkages.Types.ItemPredicate, Darkages.Server",
          "Item": "Wolf's Teeth",
          "AmountRequired": 6
        },
        {
          "$type": "Darkages.Types.ItemPredicate, Darkages.Server",
          "Item": "Wolf's Fur",
          "AmountRequired": 3
        }
      ]
    },
    "Stage_Required": 0,
    "Class_Required": 1,
    "ExpLevel_Required": 6,
    "Str_Required": 20,
    "Int_Required": 7,
    "Wis_Required": 4,
    "Dex_Required": 3,
    "Con_Required": 0,
    "Gold_Required": 20000,
    "Skill_Required": "Assault",
    "Skill_Level_Required": 70,
    "Skill_Tier_Required": 0,
    "Spell_Required": null,
    "Spell_Level_Required": 0,
    "Spell_Tier_Required": 0
  },
  "NpcKey": "Combat Trainer",
  "TierLevel": 0,
  "Description": "Attack and Strike up to 4 enemies in front of you.",
  "Name": "Wind Blade"
}