{
  "$type": "Darkages.Types.MonsterTemplate, Darkages.Server",
  "Drops": {
    "$type": "System.Collections.ObjectModel.Collection`1[[System.String, mscorlib]], mscorlib",
    "$values": [
      "Centipede's Gland",
      "Pork",
      "Chicken",
      "Mileth Scroll",
      "Lorule Scroll"
    ]
  },
  "Image": 16436,
  "ScriptName": "Common Monster",
  "DefinedX": 0,
  "DefinedY": 0,
  "LootType": 4,
  "MoodType": 2,
  "SpawnType": 2,
  "ElementType": 0,
  "PathQualifer": 1,
  "Level": 3,
  "MaximumHP": 0,
  "MaximumMP": 0,
  "AreaID": 426,
  "MovementSpeed": 1000,
  "CastSpeed": 10000,
  "SpawnMax": 100,
  "SpawnRate": 3,
  "SpawnSize": 46,
  "AttackSpeed": 1000,
  "IgnoreCollision": false,
  "ImageVarience": 0,
  "SpawnOnlyOnActiveMaps": false,
  "Grow": false,
  "SpellScripts": null,
  "SkillScripts": null,
  "DefenseElement": 0,
  "OffenseElement": 0,
  "Waypoints": null,
  "UpdateMapWide": false,
  "FamilyKey": "Insect",
  "BaseName": "Centipede",
  "EngagedWalkingSpeed": 0,
  "Name": "Centipede",
  "Description": "Small creature that dwells in dark places, such as crypts. Known to be aggresive.",
  "Group": null
}