{
  "$type": "Darkages.Types.MonsterTemplate, Darkages.Server",
  "Drops": {
    "$type": "System.Collections.ObjectModel.Collection`1[[System.String, mscorlib]], mscorlib",
    "$values": [
      "random",
      "Timber"
    ]
  },
  "Image": 16387,
  "ScriptName": "Common Monster",
  "DefinedX": 0,
  "DefinedY": 0,
  "LootType": 36,
  "MoodType": 2,
  "SpawnType": 2,
  "ElementType": 1,
  "PathQualifer": 1,
  "Level": 74,
  "MaximumHP": 0,
  "MaximumMP": 0,
  "AreaID": 315,
  "MovementSpeed": 1000,
  "CastSpeed": 1500,
  "SpawnMax": 200,
  "SpawnRate": 15,
  "SpawnSize": 6,
  "AttackSpeed": 1250,
  "IgnoreCollision": false,
  "ImageVarience": 0,
  "SpawnOnlyOnActiveMaps": false,
  "Grow": false,
  "SpellScripts": {
    "$type": "System.Collections.ObjectModel.Collection`1[[System.String, mscorlib]], mscorlib",
    "$values": [
      "mor srad",
      "armachd",
      "mor fas nadur",
      "puinsein",
      "mor dion",
      "beag ioc fein"
    ]
  },
  "SkillScripts": {
    "$type": "System.Collections.ObjectModel.Collection`1[[System.String, mscorlib]], mscorlib",
    "$values": [
      "Wolf Fang Fist",
      "Kelberoth Strike",
      "Crasher"
    ]
  },
  "DefenseElement": 1,
  "OffenseElement": 0,
  "Waypoints": null,
  "UpdateMapWide": false,
  "FamilyKey": null,
  "BaseName": null,
  "Name": "Dangerous Wisp",
  "Description": null,
  "Group": null
}