{
  "$type": "Darkages.Types.MonsterTemplate, Darkages.Server",
  "Drops": {
    "$type": "System.Collections.ObjectModel.Collection`1[[System.String, mscorlib]], mscorlib",
    "$values": []
  },
  "Image": 16517,
  "ScriptName": "Training Dummy",
  "DefinedX": 89,
  "DefinedY": 1,
  "LootType": 36,
  "MoodType": 2,
  "SpawnType": 4,
  "ElementType": 2,
  "PathQualifer": 1,
  "Level": 10,
  "MaximumHP": 200,
  "MaximumMP": 200,
  "AreaID": 1,
  "MovementSpeed": 2000,
  "CastSpeed": 3000,
  "SpawnMax": 1,
  "SpawnRate": 15,
  "SpawnSize": 1,
  "AttackSpeed": 2000,
  "IgnoreCollision": false,
  "ImageVarience": 0,
  "SpawnOnlyOnActiveMaps": false,
  "Grow": false,
  "SpellScripts": null,
  "SkillScripts": null,
  "DefenseElement": 4,
  "OffenseElement": 4,
  "Waypoints": null,
  "UpdateMapWide": false,
  "FamilyKey": null,
  "BaseName": null,
  "EngagedWalkingSpeed": 0,
  "Name": "Dummy Level 10",
  "Description": null,
  "Group": null
}