{
  "$type": "Darkages.Types.MonsterTemplate, Darkages.Server",
  "Drops": {
    "$type": "System.Collections.ObjectModel.Collection`1[[System.String, mscorlib]], mscorlib",
    "$values": [
	"random",
	"Timber",
	"Goblin's Skull"
    ]
  },
  "ID": 152,
  "Image": 0x400E,
  "ScriptName": "Common Monster",
  "DefinedX": 0,
  "DefinedY": 0,
  "LootType": 36,
  "MoodType": 2,
  "SpawnType": 2,
  "ElementType": 1,
  "PathQualifer": 1,
  "Level": 74,
  "MaximumHP": 0,
  "MaximumMP": 0,
  "SpawnerID": 0,
  "AreaID": 314,
  "MovementSpeed": 1000,
  "CastSpeed": 1500,
  "IsBoss": false,
  "SpawnMax": 100,
  "SpawnRate": 5,
  "SpawnSize": 3,
  "AttackSpeed": 1250,
  "IgnoreCollision": false,
  "ImageVarience": 4,
  "SpawnOnlyOnActiveMaps": false,
  "Grow": false,
  "SpellScripts": {
    "$type": "System.Collections.ObjectModel.Collection`1[[System.String, mscorlib]], mscorlib",
    "$values": [
      "mor cradh",
      "mor sal",
      "mor dion",
      "beag puinsein",
      "deo saighead"
    ]
  },
  "DefenseElement": 1,
  "OffenseElement": 0,
  "UpdateMapWide": false,
  "Name": "Dangerous Goblin"
}