{
  "$type": "Darkages.Types.MonsterTemplate, Darkages.Server",
  "Drops": {
    "$type": "System.Collections.ObjectModel.Collection`1[[System.String, mscorlib]], mscorlib",
    "$values": [
      "Hag's Replica Girdle"
    ]
  },
  "Image": 16542,
  "ScriptName": "Common Monster",
  "DefinedX": 0,
  "DefinedY": 0,
  "LootType": 8,
  "MoodType": 2,
  "SpawnType": 2,
  "ElementType": 2,
  "PathQualifer": 1,
  "Level": 30,
  "MaximumHP": 0,
  "MaximumMP": 0,
  "AreaID": 151,
  "MovementSpeed": 450,
  "CastSpeed": 500,
  "SpawnMax": 3,
  "SpawnRate": 60,
  "SpawnSize": 1,
  "AttackSpeed": 1650,
  "IgnoreCollision": false,
  "ImageVarience": 0,
  "SpawnOnlyOnActiveMaps": false,
  "Grow": false,
  "SpellScripts": {
    "$type": "System.Collections.ObjectModel.Collection`1[[System.String, mscorlib]], mscorlib",
    "$values": [
      "cradh",
      "beag ioc fein",
      "dion",
      "pramh",
      "beag ioc fein",
      "beag ioc fein",
      "beag ioc fein",
      "dion"
    ]
  },
  "SkillScripts": null,
  "DefenseElement": 0,
  "OffenseElement": 0,
  "Waypoints": null,
  "UpdateMapWide": false,
  "FamilyKey": null,
  "BaseName": null,
  "EngagedWalkingSpeed": 0,
  "Name": "Hagg (Cave Boss)",
  "Description": null,
  "Group": null
}