{
  "$type": "Darkages.Types.MonsterTemplate, Darkages.Server",
  "Drops": {
    "$type": "System.Collections.ObjectModel.Collection`1[[System.String, mscorlib]], mscorlib",
    "$values": []
  },
  "Image": 16389,
  "ScriptName": "Common Monster",
  "DefinedX": 0,
  "DefinedY": 0,
  "LootType": 256,
  "MoodType": 8,
  "SpawnType": 2,
  "ElementType": 0,
  "PathQualifer": 1,
  "Level": 1,
  "MaximumHP": 0,
  "MaximumMP": 0,
  "AreaID": 888,
  "MovementSpeed": 800,
  "CastSpeed": 9000,
  "SpawnMax": 100,
  "SpawnRate": 3,
  "SpawnSize": 10,
  "AttackSpeed": 1500,
  "IgnoreCollision": false,
  "ImageVarience": 0,
  "SpawnOnlyOnActiveMaps": false,
  "Grow": false,
  "SpellScripts": null,
  "SkillScripts": null,
  "DefenseElement": 0,
  "OffenseElement": 0,
  "Waypoints": null,
  "UpdateMapWide": false,
  "FamilyKey": null,
  "BaseName": "Kardi",
  "EngagedWalkingSpeed": 300,
  "Name": "Kardi",
  "Description": "A weak but filthly creature. Attacking a Kardi should be avoided, They offer nothing rewarding.",
  "Group": "Trash"
}