{
  "$type": "Darkages.Types.MonsterTemplate, Darkages.Server",
  "Drops": {
    "$type": "System.Collections.ObjectModel.Collection`1[[System.String, mscorlib]], mscorlib",
    "$values": [
      "random",
      "Hobogoblin's Skull"
    ]
  },
  "Image": 16398,
  "ScriptName": "Common Monster",
  "DefinedX": 0,
  "DefinedY": 0,
  "LootType": 36,
  "MoodType": 2,
  "SpawnType": 2,
  "ElementType": 1,
  "PathQualifer": 1,
  "Level": 56,
  "MaximumHP": 0,
  "MaximumMP": 0,
  "AreaID": 309,
  "MovementSpeed": 1000,
  "CastSpeed": 1500,
  "SpawnMax": 30,
  "SpawnRate": 6,
  "SpawnSize": 3,
  "AttackSpeed": 1250,
  "IgnoreCollision": false,
  "ImageVarience": 0,
  "SpawnOnlyOnActiveMaps": false,
  "Grow": false,
  "SpellScripts": {
    "$type": "System.Collections.ObjectModel.Collection`1[[System.String, mscorlib]], mscorlib",
    "$values": [
      "mor cradh"
    ]
  },
  "SkillScripts": null,
  "DefenseElement": 1,
  "OffenseElement": 0,
  "Waypoints": null,
  "UpdateMapWide": false,
  "FamilyKey": null,
  "BaseName": null,
  "EngagedWalkingSpeed": 0,
  "Name": "Pacing Hoboboglin",
  "Description": null,
  "Group": null
}