{
  "$type": "Darkages.Types.MonsterTemplate, Darkages.Server",
  "Drops": {
    "$type": "System.Collections.ObjectModel.Collection`1[[System.String, mscorlib]], mscorlib",
    "$values": [
      "Leather Greaves",
      "Leather Gauntlet",
      "Leather Greaves",
      "Shagreen Boots",
      "Gold Earrings",
      "Sea Belt",
      "Sea Necklace",
      "Beag Ioc Deum",
      "Jupe",
      "Leather Tunic"
    ]
  },
  "Image": 16439,
  "ScriptName": "Common Monster",
  "DefinedX": 0,
  "DefinedY": 0,
  "LootType": 36,
  "MoodType": 2,
  "SpawnType": 2,
  "ElementType": 1,
  "PathQualifer": 1,
  "Level": 56,
  "MaximumHP": 0,
  "MaximumMP": 0,
  "AreaID": 888,
  "MovementSpeed": 1000,
  "CastSpeed": 10000,
  "SpawnMax": 3,
  "SpawnRate": 1,
  "SpawnSize": 13,
  "AttackSpeed": 1000,
  "IgnoreCollision": false,
  "ImageVarience": 0,
  "SpawnOnlyOnActiveMaps": false,
  "Grow": false,
  "SpellScripts": {
    "$type": "System.Collections.ObjectModel.Collection`1[[System.String, mscorlib]], mscorlib",
    "$values": [
      "beag cradh",
      "beag athar",
      "beag srad",
      "beag sal"
    ]
  },
  "SkillScripts": {
    "$type": "System.Collections.ObjectModel.Collection`1[[System.String, mscorlib]], mscorlib",
    "$values": [
      "assail",
      "assualt"
    ]
  },
  "DefenseElement": 0,
  "OffenseElement": 0,
  "Waypoints": null,
  "UpdateMapWide": false,
  "FamilyKey": "Insect",
  "BaseName": "Scorpion",
  "Name": "Scorpion",
  "Description": "Massive Winged creature with a taste for blood.",
  "Group": null
}