{
  "$type": "Darkages.Types.MonsterTemplate, Darkages.Server",
  "Drops": {
    "$type": "System.Collections.ObjectModel.Collection`1[[System.String, mscorlib]], mscorlib",
    "$values": [
      "Spider's Eye",
      "beag spiorad deum",
      "Apple",
      "Chicken",
      "Ancuisa Ceir"
    ]
  },
  "Image": 16437,
  "ScriptName": "Common Monster",
  "DefinedX": 0,
  "DefinedY": 0,
  "LootType": 4,
  "MoodType": 8,
  "SpawnType": 2,
  "ElementType": 0,
  "PathQualifer": 1,
  "Level": 1,
  "MaximumHP": 0,
  "MaximumMP": 0,
  "AreaID": 426,
  "MovementSpeed": 1000,
  "CastSpeed": 10000,
  "SpawnMax": 200,
  "SpawnRate": 1,
  "SpawnSize": 26,
  "AttackSpeed": 1000,
  "IgnoreCollision": false,
  "ImageVarience": 0,
  "SpawnOnlyOnActiveMaps": false,
  "Grow": false,
  "SpellScripts": null,
  "SkillScripts": null,
  "DefenseElement": 0,
  "OffenseElement": 0,
  "Waypoints": null,
  "UpdateMapWide": false,
  "FamilyKey": "Insect",
  "BaseName": "Spider",
  "EngagedWalkingSpeed": 0,
  "Name": "Spider",
  "Description": "Small creature that dwells in dark places, such as crypts. Not very Aggressive, Unless Attacked.",
  "Group": null
}