{
  "$type": "Darkages.Types.MonsterTemplate, Darkages.Server",
  "Drops": {
    "$type": "System.Collections.ObjectModel.Collection`1[[System.String, mscorlib]], mscorlib",
    "$values": [
      "Dirk",
      "Wooden Shield",
      "Eppe",
      "Gold Earrings",
      "Silver Earrings",
      "Leather Gauntlet",
      "Leather Greaves",
      "Leather Bracer",
      "Holy Diana",
      "Magus Diana",
      "Human Remains"
    ]
  },
  "ID": 152,
  "Image": 0x40A4,
  "ScriptName": "Common Monster",
  "DefinedX": 33,
  "DefinedY": 13,
  "LootType": 36,
  "MoodType": 2,
  "SpawnType": 2,
  "ElementType": 3,
  "PathQualifer": 1,
  "Level": 2,
  "MaximumHP": 0,
  "MaximumMP": 0,
  "SpawnerID": 0,
  "AreaID": 99,
  "MovementSpeed": 1000,
  "CastSpeed": 800,
  "IsBoss": false,
  "SpawnMax": 350,
  "SpawnRate": 5,
  "SpawnSize": 35,
  "AttackSpeed": 750,
  "IgnoreCollision": false,
  "ImageVarience": 4,
  "SpawnOnlyOnActiveMaps": false,
  "Grow": false,
  "SpellScripts": {
    "$type": "System.Collections.ObjectModel.Collection`1[[System.String, mscorlib]], mscorlib",
    "$values": [
      "armachd",
      "beag cradh",
      "ao sith",
    ]
  },
  "DefenseElement": 1,
  "OffenseElement": 0,
  "UpdateMapWide": false,
  "Name": "Undead"
}