{
  "$type": "Darkages.Types.MonsterTemplate, Darkages.Server",
  "Drops": {
    "$type": "System.Collections.ObjectModel.Collection`1[[System.String, mscorlib]], mscorlib",
    "$values": [
	"Hy-Brasyl Battle Axe",
        "random"
]
  },
  "ID": 0,
  "Image": 0x409C,
  "ScriptName": "Common Monster",
  "DefinedX": 1,
  "DefinedY": 1,
  "LootType": 36,
  "MoodType": 0,
  "SpawnType": 4,
  "ElementType": 2,
  "PathQualifer": 1,
  "Level": 250,
  "MaximumHP": 200,
  "MaximumMP": 200,
  "SpawnerID": 0,
  "AreaID": 5205,
  "MovementSpeed": 1200,
  "CastSpeed": 1000,
  "IsBoss": true,
  "SpawnMax": 3,
  "SpawnRate": 5,
  "SpawnSize": 1,
  "AttackSpeed": 300,
  "IgnoreCollision": false,
  "ImageVarience": 0,
  "SpawnOnlyOnActiveMaps": false,
  "EngagedWalkSpeed": 350,
  "Grow": true,
  "DefenseElement": 4,
  "OffenseElement": 4,
  "UpdateMapWide": false,
  "Name": "Carnun Champion",
  "SpellScripts": {
    "$type": "System.Collections.ObjectModel.Collection`1[[System.String, mscorlib]], mscorlib",
    "$values": [
      "ard cradh",
      "ard puinsein",
      "ard srad",
      "ia noamh aite",
      "armachd",
    ]
  },
}