{
  "$type": "Darkages.Types.MonsterTemplate, Darkages.Server",
  "Drops": {
    "$type": "System.Collections.ObjectModel.Collection`1[[System.String, mscorlib]], mscorlib",
    "$values": [
      "Dirk",
      "Wooden Shield",
      "Boots",
      "Dobok",
      "Shirt",
      "Blouse",
      "Silver Earrings",
      "Gold Earrings",
      "Gardcorp",
      "Ancuisa Ceir",
      "Leather Tunic",
      "Cotte",
      "Human Remains"
    ]
  },
  "Image": 16568,
  "ScriptName": "Common Monster",
  "DefinedX": 31,
  "DefinedY": 25,
  "LootType": 36,
  "MoodType": 2,
  "SpawnType": 2,
  "ElementType": 0,
  "PathQualifer": 1,
  "Level": 1,
  "MaximumHP": 200,
  "MaximumMP": 200,
  "AreaID": 101,
  "MovementSpeed": 1000,
  "CastSpeed": 5000,
  "SpawnMax": 200,
  "SpawnRate": 155,
  "SpawnSize": 3,
  "AttackSpeed": 1600,
  "IgnoreCollision": false,
  "ImageVarience": 4,
  "SpawnOnlyOnActiveMaps": false,
  "Grow": false,
  "SpellScripts": null,
  "SkillScripts": null,
  "DefenseElement": 0,
  "OffenseElement": 0,
  "Waypoints": null,
  "UpdateMapWide": false,
  "FamilyKey": null,
  "BaseName": null,
  "EngagedWalkingSpeed": 0,
  "Name": "Walkers",
  "Description": null,
  "Group": null
}