{
  "$type": "Darkages.Types.MonsterTemplate, Darkages.Server",
  "Drops": {
    "$type": "System.Collections.ObjectModel.Collection`1[[System.String, mscorlib]], mscorlib",
    "$values": [
      "random"
    ]
  },
  "Image": 16387,
  "ScriptName": "Common Monster",
  "DefinedX": 0,
  "DefinedY": 0,
  "LootType": 36,
  "MoodType": 2,
  "SpawnType": 2,
  "ElementType": 1,
  "PathQualifer": 1,
  "Level": 80,
  "MaximumHP": 0,
  "MaximumMP": 0,
  "AreaID": 316,
  "MovementSpeed": 1000,
  "CastSpeed": 1500,
  "SpawnMax": 30,
  "SpawnRate": 5,
  "SpawnSize": 6,
  "AttackSpeed": 1250,
  "IgnoreCollision": false,
  "ImageVarience": 0,
  "SpawnOnlyOnActiveMaps": false,
  "Grow": false,
  "SpellScripts": {
    "$type": "System.Collections.ObjectModel.Collection`1[[System.String, mscorlib]], mscorlib",
    "$values": [
      "mor puinsein",
      "mor cradh",
      "mor sal",
      "mor srad",
      "pramh"
    ]
  },
  "SkillScripts": null,
  "DefenseElement": 1,
  "OffenseElement": 0,
  "Waypoints": null,
  "UpdateMapWide": false,
  "FamilyKey": null,
  "BaseName": null,
  "EngagedWalkingSpeed": 0,
  "Name": "Wisp",
  "Description": null,
  "Group": null
}