{
  "$type": "Darkages.Types.Reactor, Darkages.Server",
  "Steps": {
    "$type": "System.Collections.Generic.List`1[[Darkages.Types.DialogSequence, Darkages.Server]], mscorlib",
    "$values": [
      {
        "$type": "Darkages.Types.DialogSequence, Darkages.Server",
        "CallbackKey": null,
        "Title": "Hey!",
        "DisplayText": "Wake up!",
        "HasOptions": false,
        "Id": 0,
        "CanMoveNext": true,
        "CanMoveBack": false,
        "DisplayImage": 16433
      },
      {
        "$type": "Darkages.Types.DialogSequence, Darkages.Server",
        "CallbackKey": null,
        "Title": "Hey!!",
        "DisplayText": "You lazy fucker!",
        "HasOptions": false,
        "Id": 0,
        "CanMoveNext": true,
        "CanMoveBack": true,
        "DisplayImage": 16434
      },
      {
        "$type": "Darkages.Types.DialogSequence, Darkages.Server",
        "CallbackKey": null,
        "Title": "Hey!!!",
        "DisplayText": "Wake up noob!",
        "HasOptions": false,
        "Id": 0,
        "CanMoveNext": true,
        "CanMoveBack": true,
        "DisplayImage": 16435
      }
    ]
  },
  "ScriptKey": "example reactor",
  "CallBackScriptKey": "Example Reactor 2",
  "CallerType": 0,
  "MapId": 100,
  "CallingReactor": null,
  "Location": {
    "$type": "Darkages.Types.Position, Darkages.Server",
    "X": 6,
    "Y": 6
  },
  "QuestReward": null,
  "Name": "100 - Wake Up Start"
}