{
  "Posts": [
    {
      "Owner": "lol",
      "TopicId": 876,
      "PostId": 1,
      "BoardId": 0,
      "Read": false,
      "DatePosted": "2018-11-11T11:18:57.4186768Z",
      "Sender": "lol",
      "Message": "hi",
      "Recipient": "lol",
      "Subject": "hi",
      "Command": 49,
      "Secured": true,
      "Delay": 0,
      "Throttle": false
    }
  ],
  "Secured": true,
  "Command": 49,
  "Index": 0,
  "IsMail": true,
  "Subject": "Mail",
  "LetterId": 0,
  "Delay": 0,
  "Throttle": false
}