{
  "Posts": [
    {
      "Owner": "lol",
      "TopicId": 2423,
      "PostId": 1,
      "BoardId": 5,
      "Read": false,
      "DatePosted": "2018-01-16T15:27:31.6858862Z",
      "Sender": "lol",
      "Message": "lol",
      "Recipient": null,
      "Subject": "well shit",
      "Command": 49,
      "Secured": true,
      "Delay": 0,
      "Throttle": false
    },
    {
      "Owner": "hi",
      "TopicId": 3443,
      "PostId": 2,
      "BoardId": 5,
      "Read": false,
      "DatePosted": "2018-01-16T15:29:06.6218446Z",
      "Sender": "hi",
      "Message": "",
      "Recipient": null,
      "Subject": "selling poop.",
      "Command": 49,
      "Secured": true,
      "Delay": 0,
      "Throttle": false
    }
  ],
  "Secured": true,
  "Command": 49,
  "Index": 5,
  "IsMail": false,
  "Subject": "Market (Selling)",
  "LetterId": 4,
  "Delay": 0,
  "Throttle": false
}