{
  "Posts": [
    {
      "Owner": "lol",
      "TopicId": 3187,
      "PostId": 1,
      "BoardId": 1,
      "Read": false,
      "DatePosted": "2018-01-16T15:26:39.7657451Z",
      "Sender": "lol",
      "Message": "yep",
      "Recipient": null,
      "Subject": "some testing",
      "Command": 49,
      "Secured": true,
      "Delay": 0,
      "Throttle": false
    }
  ],
  "Secured": true,
  "Command": 49,
  "Index": 1,
  "IsMail": false,
  "Subject": "Power Rankings",
  "LetterId": 1,
  "Delay": 0,
  "Throttle": false
}