{
  "$type": "Darkages.Types.MonsterTemplate, Darkages.Server",
  "Drops": {
    "$type": "System.Collections.ObjectModel.Collection`1[[System.String, mscorlib]], mscorlib",
    "$values": [
      "rat shit"
    ]
  },
  "Image": 16391,
  "ScriptName": "Common Monster",
  "DefinedX": 31,
  "DefinedY": 25,
  "LootType": 36,
  "MoodType": 0,
  "SpawnType": 2,
  "ElementType": 0,
  "PathQualifer": 1,
  "Level": 3,
  "MaximumHP": 200,
  "MaximumMP": 200,
  "AreaID": 427,
  "MovementSpeed": 650,
  "CastSpeed": 1000,
  "SpawnMax": 12,
  "SpawnRate": 1,
  "SpawnSize": 6,
  "AttackSpeed": 1600,
  "IgnoreCollision": false,
  "ImageVarience": 0,
  "SpawnOnlyOnActiveMaps": false,
  "Grow": false,
  "SpellScripts": null,
  "SkillScripts": null,
  "DefenseElement": 0,
  "OffenseElement": 0,
  "Waypoints": null,
  "UpdateMapWide": false,
  "FamilyKey": null,
  "BaseName": null,
  "EngagedWalkingSpeed": 0,
  "Name": "Rat",
  "Description": null,
  "Group": null
}