{
  "$type": "Darkages.Types.MundaneTemplate, Darkages.Server",
  "Image": 16417,
  "Level": 99,
  "ScriptKey": "Arena Master",
  "EnableWalking": false,
  "EnableTurning": false,
  "EnableAttacking": false,
  "EnableSpeech": false,
  "Speech": {
    "$type": "System.Collections.ObjectModel.Collection`1[[System.String, mscorlib]], mscorlib",
    "$values": []
  },
  "X": 44,
  "Y": 12,
  "AreaID": 509,
  "Direction": 3,
  "MaximumHp": 0,
  "MaximumMp": 0,
  "Name": "Arena Combatant2"
}