{
  "$type": "Darkages.Types.MundaneTemplate, Darkages.Server",
  "WalkRate": 0,
  "TurnRate": 0,
  "CastRate": 0,
  "EnableCasting": false,
  "Spells": null,
  "Skills": null,
  "Image": 16417,
  "Level": 99,
  "ScriptKey": "Arena Master",
  "EnableWalking": false,
  "EnableTurning": false,
  "EnableAttacking": false,
  "EnableSpeech": false,
  "AttackPlayers": false,
  "Speech": {
    "$type": "System.Collections.ObjectModel.Collection`1[[System.String, mscorlib]], mscorlib",
    "$values": []
  },
  "X": 44,
  "Y": 44,
  "AreaID": 509,
  "Direction": 3,
  "MaximumHp": 0,
  "MaximumMp": 0,
  "QuestKey": null,
  "Waypoints": null,
  "PathQualifer": 0,
  "Name": "Arena Combatant3",
  "Description": null,
  "Group": null
}