{
  "$type": "Darkages.Types.MundaneTemplate, Darkages.Server",
  "Image": 0x4047,
  "Level": 99,
  "ScriptKey": "Banker",
  "EnableWalking": false,
  "EnableTurning": false,
  "EnableAttacking": false,
  "EnableSpeech": true,
  "Speech": {
    "$type": "System.Collections.ObjectModel.Collection`1[[System.String, mscorlib]], mscorlib",
    "$values": [
	"So you found my rape dungeon ay cunt?",
	"I'll bite your face"
	]
  },
  "X": 19,
  "Y": 9,
  "AreaID": 2,
  "Direction": 1,
  "MaximumHp": 0,
  "MaximumMp": 0,
  "Name": "Alf Stewert"
}