{
  "$type": "Darkages.Types.MundaneTemplate, Darkages.Server",
  "EnableCasting": true,
  "Spells": {
    "$type": "System.Collections.Generic.List`1[[System.String, mscorlib]], mscorlib",
    "$values": [
      "ard cradh",
      "mor dion",
      "armachd",
      "deo saighead lamh",
      "mor deo saighead",
    ]
  },
  "Image": 16734,
  "Level": 98,
  "ScriptKey": "",
  "EnableWalking": false,
  "EnableTurning": true,
  "EnableAttacking": true,
  "EnableSpeech": true,
  "X": 17,
  "Y": 23,
  "AreaID": 81,
  "Direction": 2,
  "MaximumHp": 0,
  "MaximumMp": 0,
  "QuestKey": "",
  "Name": "Bored Priest"
}