{
  "$type": "Darkages.Types.MundaneTemplate, Darkages.Server",
  "WalkRate": 0,
  "TurnRate": 0,
  "CastRate": 0,
  "EnableCasting": true,
  "Spells": {
    "$type": "System.Collections.Generic.List`1[[System.String, mscorlib]], mscorlib",
    "$values": [
      "ard cradh",
      "mor dion",
      "armachd",
      "deo saighead lamh",
      "mor deo saighead"
    ]
  },
  "Skills": null,
  "Image": 16734,
  "Level": 98,
  "ScriptKey": "",
  "EnableWalking": false,
  "EnableTurning": true,
  "EnableAttacking": true,
  "EnableSpeech": true,
  "AttackPlayers": false,
  "Speech": {
    "$type": "System.Collections.ObjectModel.Collection`1[[System.String, mscorlib]], mscorlib",
    "$values": []
  },
  "X": 17,
  "Y": 23,
  "AreaID": 81,
  "Direction": 2,
  "MaximumHp": 0,
  "MaximumMp": 0,
  "QuestKey": "",
  "Waypoints": null,
  "PathQualifer": 0,
  "Name": "Bored Priest",
  "Description": null,
  "Group": null
}