{
  "$type": "Darkages.Types.MundaneTemplate, Darkages.Server",
  "WalkRate": 0,
  "TurnRate": 0,
  "CastRate": 0,
  "EnableCasting": false,
  "Spells": null,
  "Skills": null,
  "Image": 16982,
  "Level": 9999,
  "ScriptKey": "combat trainer 1",
  "EnableWalking": false,
  "EnableTurning": false,
  "EnableAttacking": false,
  "EnableSpeech": true,
  "AttackPlayers": false,
  "Speech": {
    "$type": "System.Collections.ObjectModel.Collection`1[[System.String, mscorlib]], mscorlib",
    "$values": [
      "You will learn a valued lesson today.",
      "let me show you hand to hand combat."
    ]
  },
  "X": 2,
  "Y": 8,
  "AreaID": 6,
  "Direction": 1,
  "MaximumHp": 0,
  "MaximumMp": 0,
  "QuestKey": null,
  "Waypoints": null,
  "PathQualifer": 0,
  "Name": "Combat Trainer",
  "Description": null,
  "Group": null
}