{
  "$type": "Darkages.Types.MundaneTemplate, Darkages.Server",
  "Image": 0x4256,
  "Level": 9999,
  "ScriptKey": "combat trainer 1",
  "EnableWalking": false,
  "EnableSpeech": true,
  "Speech": {
    "$type": "System.Collections.ObjectModel.Collection`1[[System.String, mscorlib]], mscorlib",
    "$values": [
      "You will learn a valued lesson today.",
      "let me show you hand to hand combat."
    ]
  },
  "X": 2,
  "Y": 8,
  "AreaID": 6,
  "Direction": 1,
  "MaximumHp": 0,
  "MaximumMp": 0,
  "Name": "Combat Trainer"
}