{
  "$type": "Darkages.Types.MundaneTemplate, Darkages.Server",
  "WalkRate": 0,
  "TurnRate": 0,
  "CastRate": 0,
  "EnableCasting": false,
  "Spells": null,
  "Skills": null,
  "Image": 16705,
  "Level": 99,
  "ScriptKey": "Dar's Apprentice",
  "EnableWalking": false,
  "EnableTurning": false,
  "EnableAttacking": false,
  "EnableSpeech": false,
  "AttackPlayers": false,
  "Speech": {
    "$type": "System.Collections.ObjectModel.Collection`1[[System.String, mscorlib]], mscorlib",
    "$values": []
  },
  "X": 5,
  "Y": 10,
  "AreaID": 1014,
  "Direction": 1,
  "MaximumHp": 5000,
  "MaximumMp": 2000,
  "QuestKey": null,
  "Waypoints": null,
  "PathQualifer": 0,
  "Name": "Dar's Apprentice",
  "Description": null,
  "Group": null
}