{
  "$type": "Darkages.Types.MundaneTemplate, Darkages.Server",
  "Image": 0x4025,
  "Level": 99,
  "ScriptKey": "The Grand Master",
  "EnableWalking": false,
  "EnableTurning": false,
  "EnableAttacking": false,
  "EnableSpeech": true,
  "Speech": {
    "$type": "System.Collections.ObjectModel.Collection`1[[System.String, mscorlib]], mscorlib",
    "$values": [
"Let me teach you the darkest of things.",
"Only the wise may learn from me.",
"Magic."
]
  },
  "X": 7,
  "Y": 7,
  "AreaID": 1014,
  "Direction": 3,
  "MaximumHp": 5000,
  "MaximumMp": 2000,
  "Name": "Dar"
}