{
  "$type": "Darkages.Types.MundaneTemplate, Darkages.Server",
  "Image": 0x4029,
  "Level": 9999,
  "ScriptKey": "combat trainer 1",
  "EnableWalking": false,
  "EnableSpeech": true,
  "Speech": {
    "$type": "System.Collections.ObjectModel.Collection`1[[System.String, mscorlib]], mscorlib",
    "$values": [
      "Are you Ready, Friend?",
      "let me show you hand to hand combat."
    ]
  },
  "X": 18,
  "Y": 18,
  "AreaID": 200,
  "Direction": 1,
  "MaximumHp": 0,
  "MaximumMp": 0,
  "Name": "Kung-Fu Master"
}