{
  "$type": "Darkages.Types.MundaneTemplate, Darkages.Server",
  "Image": 0x4171,
  "Level": 99,
  "ScriptKey": "macronator",
  "EnableWalking": false,
  "EnableTurning": false,
  "EnableAttacking": false,
  "EnableSpeech": false,
  "Speech": {
    "$type": "System.Collections.ObjectModel.Collection`1[[System.String, mscorlib]], mscorlib",
    "$values": []
  },
  "X": 16,
  "Y": 16,
  "AreaID": 83,
  "Direction": 1,
  "MaximumHp": 0,
  "MaximumMp": 0,
  "Name": "Macronator"
}