{
  "$type": "Darkages.Types.MundaneTemplate, Darkages.Server",
  "Image": 0x415C,
  "Level": 50,
  "ScriptKey": "Nukage",
  "EnableWalking": true,
  "EnableTurning": true,
  "EnableAttacking": true,
  "EnableSpeech": true,
  "Speech": {
    "$type": "System.Collections.ObjectModel.Collection`1[[System.String, mscorlib]], mscorlib",
    "$values": [
      "am hurry",
      "gave am or am hurry",
      "game am now",
    ]
  },
  "Skills": {
    "$type": "System.Collections.Generic.List`1[[System.String, mscorlib]], mscorlib",
    "$values": [
      "Crasher",
      "Wind Blade",
    ]
  },
  "X": 14,
  "Y": 22,
  "AreaID": 81,
  "Direction": 2,
  "MaximumHp": 0,
  "MaximumMp": 0,
  "QuestKey": "Nukage",
  "Name": "Nukage",
  "PathQualifer": 3,
  "Waypoints": {
    "$type": "System.Collections.Generic.List`1[[Darkages.Types.Position, Darkages.Server]], mscorlib",
    "$values": [
      {
        "$type": "Darkages.Types.Position, Darkages.Server",
        "X": 21,
        "Y": 21
      },
    ]
  },
}
