{
  "$type": "Darkages.Types.MundaneTemplate, Darkages.Server",
  "Image": 0x4163,
  "Level": 12,
  "ScriptKey": "Ricky",
  "EnableWalking": true,
  "EnableTurning": true,
  "EnableAttacking": true,
  "EnableSpeech": true,
  "Speech": {
    "$type": "System.Collections.ObjectModel.Collection`1[[System.String, mscorlib]], mscorlib",
    "$values": [
      "fucken corey n trevor.",
      "Let's go, Smokes",
      "A link is only as long as your longest strong chain",
      "Beauty is in the eye when you hold her",
      "Looks like a tropical earthquake blew through here",
      "Fire to tornados",
      "Do onto others as you do onto you"
    ]
  },
  "Skills": {
    "$type": "System.Collections.Generic.List`1[[System.String, mscorlib]], mscorlib",
    "$values": [
      "Wind Blade",
      "Crasher",
    ]
  },
  "X": 14,
  "Y": 22,
  "AreaID": 81,
  "Direction": 2,
  "MaximumHp": 0,
  "MaximumMp": 0,
  "QuestKey": "Ricky",
  "Name": "Ricky",
  "PathQualifer": 3,
  "Waypoints": {
    "$type": "System.Collections.Generic.List`1[[Darkages.Types.Position, Darkages.Server]], mscorlib",
    "$values": [
      {
        "$type": "Darkages.Types.Position, Darkages.Server",
        "X": 15,
        "Y": 21
      },
    ]
  },
}
