{
  "$type": "Darkages.Types.MundaneTemplate, Darkages.Server",
  "EnableCasting": true,
  "Spells": {
    "$type": "System.Collections.Generic.List`1[[System.String, mscorlib]], mscorlib",
    "$values": [
      "deo saighead lamh",
      "mor fas nadur",
      "mor strioch pian gar",
      "ard cradh",
      "pramh",
      "ard sal",
      "ard srad",
      "mor dion",
      "beag ioc fein"
    ]
  },
  "Image": 16731,
  "Level": 99,
  "ScriptKey": "welcome aisling",
  "EnableWalking": false,
  "EnableTurning": true,
  "EnableAttacking": true,
  "EnableSpeech": true,
  "Speech": {
    "$type": "System.Collections.ObjectModel.Collection`1[[System.String, mscorlib]], mscorlib",
    "$values": [
      "I got you.",
    ]
  },
  "X": 44,
  "Y": 91,
  "AreaID": 99,
  "Direction": 2,
  "MaximumHp": 0,
  "MaximumMp": 0,
  "QuestKey": "welcome trials 1",
  "Name": "Sage"
}