{
  "$type": "Darkages.Types.MundaneTemplate, Darkages.Server",
  "Image": 0x403F,
  "Level": 9999,
  "ScriptKey": "shop1",
  "EnableWalking": false,
  "EnableTurning": false,
  "EnableAttacking": false,
  "EnableSpeech": false,
  "Speech": {
    "$type": "System.Collections.ObjectModel.Collection`1[[System.String, mscorlib]], mscorlib",
    "$values": []
  },
  "X": 11,
  "Y": 7,
  "AreaID": 1005,
  "Direction": 2,
  "MaximumHp": 0,
  "MaximumMp": 0,
  "Name": "Precious Jewels"
}
