{
  "$type": "Darkages.Types.MundaneTemplate, Darkages.Server",
  "Image": 0x41F2,
  "Level": 9999,
  "ScriptKey": "shop1",
  "EnableWalking": false,
  "EnableTurning": false,
  "EnableAttacking": false,
  "EnableSpeech": false,
  "Speech": {
    "$type": "System.Collections.ObjectModel.Collection`1[[System.String, mscorlib]], mscorlib",
    "$values": []
  },
  "X": 14,
  "Y": 12,
  "AreaID": 301,
  "Direction": 2,
  "MaximumHp": 0,
  "MaximumMp": 0,
  "Name": "Armor Merchant"
}
