{
  "$type": "Darkages.Types.MundaneTemplate, Darkages.Server",
  "Image": 0x401A,
  "Level": 99,
  "ScriptKey": "",
  "EnableWalking": false,
  "EnableTurning": false,
  "EnableAttacking": false,
  "EnableSpeech": true,
  "Speech": {
    "$type": "System.Collections.ObjectModel.Collection`1[[System.String, mscorlib]], mscorlib",
    "$values": [
	"cmon mannn..",
	"got any smack...",
	"got any smack... god help me..",
	"I still got my looks",
	"cmon let's go behind the bushes :)",
	"cmon! I'll suck yo dick!",
	"I will make it good i promise",
	"Got any change??",
	"Got any Spare shit? CMon bro",
	"Where is the centrelink office?",
	"I need food.",
	"I have not slept in 18 days.",
	"Have you ever finger banged a mans ball sac?",
	"if you push it back up into your body",
	]
  },
  "X": 19,
  "Y": 9,
  "AreaID": 301,
  "Direction": 1,
  "MaximumHp": 0,
  "MaximumMp": 0,
  "QuestKey": "",
  "Name": "Homeless Whore"
}