{
  "$type": "Darkages.Types.SkillTemplate, Darkages.Server",
  "ID": 1,
  "Icon": 38,
  "ScriptName": "beag suain ia",
  "LevelRate": 0.3,
  "Cooldown": 6,
  "MaxLevel": 100,
  "MissAnimation": 0,
  "TargetAnimation": 0,
  "FailMessage": "you missed the mark.",
  "Type": 1,
  "Pane": 1,
  "PostQualifers": 0,
  "Sound": 48,
  "Debuff": null,
  "Buff": null,
  "Prerequisites": {
    "$type": "Darkages.Types.LearningPredicate, Darkages.Server",
    "Quests_Completed_Required": {
      "$type": "System.Collections.Generic.List`1[[System.String, mscorlib]], mscorlib",
      "$values": []
    },
    "Areas_Visited_Required": {
      "$type": "System.Collections.Generic.List`1[[System.UInt16, mscorlib]], mscorlib",
      "$values": []
    },
    "Items_Required": {
      "$type": "System.Collections.Generic.List`1[[Darkages.Types.ItemPredicate, Darkages.Server]], mscorlib",
      "$values": [
        {
          "$type": "Darkages.Types.ItemPredicate, Darkages.Server",
          "Item": "Talos Fragment",
          "AmountRequired": 5
        },
        {
          "$type": "Darkages.Types.ItemPredicate, Darkages.Server",
          "Item": "Timber",
          "AmountRequired": 5
        },
        {
          "$type": "Darkages.Types.ItemPredicate, Darkages.Server",
          "Item": "Light Belt",
          "AmountRequired": 3
        }
      ]
    },
    "Stage_Required": 0,
    "Class_Required": 1,
    "ExpLevel_Required": 99,
    "Str_Required": 72,
    "Int_Required": 0,
    "Wis_Required": 0,
    "Dex_Required": 0,
    "Con_Required": 0,
    "Gold_Required": 15000000,
    "Skill_Required": "beag suain",
    "Skill_Level_Required": 100,
    "Skill_Tier_Required": 0,
    "Spell_Required": null,
    "Spell_Level_Required": 0,
    "Spell_Tier_Required": 0
  },
  "NpcKey": "Combat Trainer",
  "TierLevel": 0,
  "Description": "Paralyze all targets near the warrior. Granting double damage to targets from behind while paralyzed.",
  "Name": "beag suain ia gar"
}