{
  "$type": "Darkages.Types.SkillTemplate, Darkages.Server",
  "ID": 3,
  "Icon": 4,
  "ScriptName": "Double Punch",
  "LevelRate": 0.02,
  "Cooldown": 0,
  "MaxLevel": 100,
  "MissAnimation": 0,
  "TargetAnimation": 274,
  "FailMessage": null,
  "Type": 0,
  "Pane": 1,
  "PostQualifers": 0,
  "Sound": 16,
  "Debuff": null,
  "Buff": null,
  "Prerequisites": {
    "$type": "Darkages.Types.LearningPredicate, Darkages.Server",
    "Quests_Completed_Required": {
      "$type": "System.Collections.Generic.List`1[[System.String, mscorlib]], mscorlib",
      "$values": []
    },
    "Areas_Visited_Required": {
      "$type": "System.Collections.Generic.List`1[[System.UInt16, mscorlib]], mscorlib",
      "$values": []
    },
    "Items_Required": {
      "$type": "System.Collections.Generic.List`1[[Darkages.Types.ItemPredicate, Darkages.Server]], mscorlib",
      "$values": [
        {
          "$type": "Darkages.Types.ItemPredicate, Darkages.Server",
          "Item": "Dirk",
          "AmountRequired": 1
        }
      ]
    },
    "Stage_Required": 0,
    "Class_Required": 5,
    "ExpLevel_Required": 9,
    "Str_Required": 6,
    "Int_Required": 0,
    "Wis_Required": 0,
    "Dex_Required": 5,
    "Con_Required": 4,
    "Gold_Required": 5000,
    "Skill_Required": "Assail",
    "Skill_Level_Required": 100,
    "Skill_Tier_Required": 0,
    "Spell_Required": null,
    "Spell_Level_Required": 0,
    "Spell_Tier_Required": 0
  },
  "NpcKey": "Dean",
  "TierLevel": 0,
  "Description": null,
  "Name": "Double Punch"
}