{
  "$type": "Darkages.Types.SkillTemplate, Darkages.Server",
  "ID": 0,
  "Icon": 68,
  "ScriptName": "Hurricane Kick",
  "LevelRate": 0.05,
  "Cooldown": 35,
  "MaxLevel": 100,
  "MissAnimation": 0,
  "TargetAnimation": 269,
  "FailMessage": "failed",
  "Type": 1,
  "Pane": 1,
  "PostQualifers": 1,
  "Sound": 14,
  "Debuff": {
    "$type": "Darkages.Storage.locales.debuffs.debuff_hurricane, Darkages.Server",
    "Name": "hurricane",
    "Icon": 116,
    "Length": 1,
    "AcModifer": {
      "$type": "Darkages.Types.StatusOperator, Darkages.Server",
      "Option": 0,
      "Value": 30
    },
    "Cancelled": false,
    "Timer": {
      "$type": "Darkages.Network.Game.GameServerTimer, Darkages.Server",
      "Timer": "00:00:00",
      "Delay": "00:00:01",
      "Elapsed": false,
      "Disabled": false,
      "Interval": 0,
      "Tick": 0
    }
  },
  "Buff": null,
  "Prerequisites": {
    "$type": "Darkages.Types.LearningPredicate, Darkages.Server",
    "Quests_Completed_Required": {
      "$type": "System.Collections.Generic.List`1[[System.String, mscorlib]], mscorlib",
      "$values": []
    },
    "Areas_Visited_Required": {
      "$type": "System.Collections.Generic.List`1[[System.UInt16, mscorlib]], mscorlib",
      "$values": []
    },
    "Items_Required": {
      "$type": "System.Collections.Generic.List`1[[Darkages.Types.ItemPredicate, Darkages.Server]], mscorlib",
      "$values": []
    },
    "Stage_Required": 0,
    "Class_Required": 5,
    "ExpLevel_Required": 3,
    "Str_Required": 0,
    "Int_Required": 0,
    "Wis_Required": 0,
    "Dex_Required": 0,
    "Con_Required": 0,
    "Gold_Required": 500,
    "Skill_Required": null,
    "Skill_Level_Required": 0,
    "Skill_Tier_Required": 0,
    "Spell_Required": null,
    "Spell_Level_Required": 0,
    "Spell_Tier_Required": 0
  },
  "NpcKey": "Combat Trainer",
  "TierLevel": 9,
  "Description": "Attack and leave nothing but a victim remaining, No amount of armor can sustain this attack.",
  "Name": "Hurricane Kick"
}