{
  "$type": "Darkages.Types.SkillTemplate, Darkages.Server",
  "ID": 6,
  "Icon": 13,
  "ScriptName": "Rescue",
  "LevelRate": 0.02,
  "Cooldown": 8,
  "MaxLevel": 100,
  "MissAnimation": 0,
  "TargetAnimation": 27,
  "FailMessage": "You can't do that.",
  "Type": 1,
  "Pane": 1,
  "PostQualifers": 0,
  "Sound": 4,
  "Debuff": null,
  "Buff": null,
  "Prerequisites": {
    "$type": "Darkages.Types.LearningPredicate, Darkages.Server",
    "Quests_Completed_Required": {
      "$type": "System.Collections.Generic.List`1[[System.String, mscorlib]], mscorlib",
      "$values": []
    },
    "Areas_Visited_Required": {
      "$type": "System.Collections.Generic.List`1[[System.UInt16, mscorlib]], mscorlib",
      "$values": []
    },
    "Items_Required": {
      "$type": "System.Collections.Generic.List`1[[Darkages.Types.ItemPredicate, Darkages.Server]], mscorlib",
      "$values": [
        {
          "$type": "Darkages.Types.ItemPredicate, Darkages.Server",
          "Item": "Goblin's Skull",
          "AmountRequired": 1
        },
        {
          "$type": "Darkages.Types.ItemPredicate, Darkages.Server",
          "Item": "Mantis Eye",
          "AmountRequired": 3
        }
      ]
    },
    "Stage_Required": 0,
    "Class_Required": 1,
    "ExpLevel_Required": 6,
    "Str_Required": 10,
    "Int_Required": 7,
    "Wis_Required": 4,
    "Dex_Required": 3,
    "Con_Required": 0,
    "Gold_Required": 1000,
    "Skill_Required": "Assail",
    "Skill_Level_Required": 10,
    "Skill_Tier_Required": 0,
    "Spell_Required": null,
    "Spell_Level_Required": 0,
    "Spell_Tier_Required": 0
  },
  "NpcKey": "Combat Trainer",
  "TierLevel": 0,
  "Description": "Force a creature to attack you, If used on a dying player. You may spare their life.",
  "Name": "Rescue"
}