{
  "$type": "Darkages.Types.SkillTemplate, Darkages.Server",
  "ID": 1,
  "Icon": 17,
  "ScriptName": "Two-Handed Attack",
  "LevelRate": 0.0,
  "Cooldown": 0,
  "MaxLevel": 1,
  "MissAnimation": 0,
  "TargetAnimation": 0,
  "FailMessage": null,
  "Type": 0,
  "Pane": 1,
  "PostQualifers": 0,
  "Sound": 95,
  "Debuff": null,
  "Buff": null,
  "Prerequisites": {
    "$type": "Darkages.Types.LearningPredicate, Darkages.Server",
    "Quests_Completed_Required": {
      "$type": "System.Collections.Generic.List`1[[System.String, mscorlib]], mscorlib",
      "$values": []
    },
    "Areas_Visited_Required": {
      "$type": "System.Collections.Generic.List`1[[System.UInt16, mscorlib]], mscorlib",
      "$values": []
    },
    "Items_Required": {
      "$type": "System.Collections.Generic.List`1[[Darkages.Types.ItemPredicate, Darkages.Server]], mscorlib",
      "$values": []
    },
    "Stage_Required": 0,
    "Class_Required": 0,
    "ExpLevel_Required": 0,
    "Str_Required": 3,
    "Int_Required": 0,
    "Wis_Required": 0,
    "Dex_Required": 3,
    "Con_Required": 0,
    "Gold_Required": 500,
    "Skill_Required": "Assail",
    "Skill_Level_Required": 100,
    "Skill_Tier_Required": 0,
    "Spell_Required": null,
    "Spell_Level_Required": 0,
    "Spell_Tier_Required": 0
  },
  "NpcKey": "Martial Arts Trainer",
  "TierLevel": 0,
  "Description": "Allows you to wear two handed weapons.",
  "Name": "Two-Handed Attack"
}