{
  "$type": "Darkages.Types.SpellTemplate, Darkages.Server",
  "Icon": 71,
  "MaxLevel": 100,
  "ScriptKey": "ard deo saighead",
  "MinLines": 1,
  "MaxLines": 9,
  "ManaCost": 250,
  "Text": "\u0000",
  "Debuff": null,
  "Buff": null,
  "TargetType": 2,
  "BaseLines": 2,
  "LevelRate": 0.06,
  "Sound": 26,
  "Animation": 246,
  "DamageExponent": 85.0,
  "Pane": 0,
  "ElementalProperty": 5,
  "Prerequisites": null,
  "NpcKey": null,
  "TierLevel": 0,
  "Name": "ard deo saighead"
}