{
  "$type": "Darkages.Types.SpellTemplate, Darkages.Server",
  "Icon": 119,
  "MaxLevel": 70,
  "ScriptKey": "mor fas nadur",
  "MinLines": 0,
  "MaxLines": 0,
  "ManaCost": 10,
  "Text": "\u0000",
  "Debuff": {
    "$type": "Darkages.Types.Debuff, Darkages.Server",
    "Name": "mor fas nadur",
    "Length": 320,
    "Icon": 119,
    "Cancelled": false,
    "Timer": {
      "$type": "Darkages.Network.Game.GameServerTimer, Darkages.Server",
      "Timer": "00:00:00",
      "Delay": "00:00:01",
      "Elapsed": false,
      "Disabled": false,
      "Interval": 0,
      "Tick": 0
    }
  },
  "Buff": null,
  "TargetType": 2,
  "BaseLines": 4,
  "LevelRate": 0.01,
  "Sound": 20,
  "Animation": 126,
  "DamageExponent": 0.0,
  "Pane": 1,
  "ElementalProperty": 0,
  "Prerequisites": null,
  "NpcKey": null,
  "TierLevel": 9,
  "Name": "mor fas nadur"
}