{
  "$type": "Darkages.Types.SpellTemplate, Darkages.Server",
  "Icon": 75,
  "MaxLevel": 100,
  "ScriptKey": "mspg",
  "MinLines": 0,
  "MaxLines": 9,
  "ManaCost": 0,
  "Text": "\u0000",
  "Debuff": null,
  "Buff": null,
  "TargetType": 5,
  "BaseLines": 3,
  "LevelRate": 1.15,
  "Sound": 23,
  "Animation": 52,
  "DamageExponent": 2000.0,
  "Pane": 1,
  "ElementalProperty": 6,
  "Prerequisites": {
    "$type": "Darkages.Types.LearningPredicate, Darkages.Server",
    "Quests_Completed_Required": {
      "$type": "System.Collections.Generic.List`1[[System.String, mscorlib]], mscorlib",
      "$values": []
    },
    "Areas_Visited_Required": {
      "$type": "System.Collections.Generic.List`1[[System.UInt16, mscorlib]], mscorlib",
      "$values": []
    },
    "Items_Required": {
      "$type": "System.Collections.Generic.List`1[[Darkages.Types.ItemPredicate, Darkages.Server]], mscorlib",
      "$values": []
    },
    "Stage_Required": 0,
    "Class_Required": 3,
    "ExpLevel_Required": 8,
    "Str_Required": 4,
    "Int_Required": 4,
    "Wis_Required": 4,
    "Dex_Required": 4,
    "Con_Required": 4,
    "Gold_Required": 0,
    "Skill_Required": null,
    "Skill_Level_Required": 0,
    "Skill_Tier_Required": 0,
    "Spell_Required": null,
    "Spell_Level_Required": 0,
    "Spell_Tier_Required": 0
  },
  "NpcKey": "Dar",
  "TierLevel": 8,
  "Name": "mor strioch pian gar"
}