{
  "$type": "Darkages.Types.SpellTemplate, Darkages.Server",
  "Icon": 47,
  "MaxLevel": 100,
  "ScriptKey": "Generic Elemental Single",
  "MinLines": 0,
  "MaxLines": 9,
  "ManaCost": 500,
  "Text": "\u0000",
  "Debuff": null,
  "Buff": null,
  "TargetType": 2,
  "BaseLines": 2,
  "LevelRate": 0.1,
  "Sound": 79,
  "Animation": 10,
  "DamageExponent": 60.0,
  "Pane": 0,
  "ElementalProperty": 2,
  "Prerequisites": null,
  "NpcKey": null,
  "TierLevel": 0,
  "Name": "mor sal"
}