{
  "$type": "Darkages.Types.ItemTemplate, Darkages.Server",
  "ID": 0,
  "CanStack": true,
  "MaxStack": 10,
  "Image": 561,
  "DisplayImage": 33329,
  "ScriptName": null,
  "Gender": 0,
  "HealthModifer": null,
  "ManaModifer": null,
  "StrModifer": null,
  "IntModifer": null,
  "WisModifer": null,
  "ConModifer": null,
  "DexModifer": null,
  "AcModifer": null,
  "MrModifer": null,
  "HitModifer": null,
  "DmgModifer": null,
  "SpellOperator": null,
  "OffenseElement": 0,
  "DefenseElement": 0,
  "CarryWeight": 0,
  "Flags": 2236,
  "MaxDurability": 0,
  "Value": 10000,
  "EquipmentSlot": 0,
  "NpcKey": null,
  "Class": 0,
  "LevelRequired": 3,
  "DmgMin": 0,
  "DmgMax": 0,
  "DropRate": 80.0,
  "StageRequired": 0,
  "HasPants": false,
  "Color": 0,
  "Name": "Australia's Deadliest Venom"
}