{
  "$type": "Darkages.Types.ItemTemplate, Darkages.Server",
  "MiniScript": "user.CurrentMp += 1000; 
		 user.BarMsg(\"More Juice!\");
	         user.Animate(1); 
                 user.RefreshStats();",
  "ID": 0,
  "CanStack": true,
  "MaxStack": 100,
  "Image": 0x802F,
  "DisplayImage": 0x802F,
  "ScriptName": null,
  "Gender": 0,
  "HealthModifer": null,
  "ManaModifer": null,
  "StrModifer": null,
  "IntModifer": null,
  "WisModifer": null,
  "ConModifer": null,
  "DexModifer": null,
  "AcModifer": null,
  "MrModifer": null,
  "HitModifer": null,
  "DmgModifer": null,
  "SpellOperator": null,
  "OffenseElement": 0,
  "DefenseElement": 0,
  "CarryWeight": 0,
  "Flags": 2492,
  "MaxDurability": 0,
  "Value": 0,
  "EquipmentSlot": 0,
  "NpcKey": null,
  "Class": 0,
  "LevelRequired": 1,
  "DmgMin": 0,
  "DmgMax": 0,
  "DropRate": 0.05,
  "StageRequired": 0,
  "HasPants": false,
  "Color": 0,
  "WeaponScript": null,
  "Name": "beag spiorad deum",
  "Description": null
}