{
  "$type": "Darkages.Types.ItemTemplate, Darkages.Server",
  "ID": 0,
  "CanStack": false,
  "MaxStack": 0,
  "Image": 69,
  "DisplayImage": 33611,
  "ScriptName": "Weapon",
  "Gender": 255,
  "HealthModifer": null,
  "ManaModifer": null,
  "StrModifer": null,
  "IntModifer": null,
  "WisModifer": null,
  "ConModifer": null,
  "DexModifer": null,
  "AcModifer": null,
  "MrModifer": null,
  "HitModifer": {
    "$type": "Darkages.Types.StatusOperator, Darkages.Server",
    "Option": 0,
    "Value": 0
  },
  "DmgModifer": {
    "$type": "Darkages.Types.StatusOperator, Darkages.Server",
    "Option": 0,
    "Value": 0
  },
  "SpellOperator": null,
  "OffenseElement": 0,
  "DefenseElement": 0,
  "CarryWeight": 15,
  "Flags": 4221,
  "MaxDurability": 500000,
  "Value": 350000,
  "EquipmentSlot": 1,
  "NpcKey": "Arms Dealer",
  "Class": 1,
  "LevelRequired": 99,
  "DmgMin": 674,
  "DmgMax": 754,
  "DropRate": 1.0,
  "StageRequired": 1,
  "HasPants": false,
  "Color": 0,
  "Name": "Blazed Veltain Sword"
}