{
  "$type": "Darkages.Types.ItemTemplate, Darkages.Server",
  "MiniScript": null,
  "ID": 0,
  "CanStack": false,
  "MaxStack": 0,
  "Image": 1,
  "DisplayImage": 32844,
  "ScriptName": "Boot",
  "Gender": 255,
  "HealthModifer": null,
  "ManaModifer": null,
  "StrModifer": null,
  "IntModifer": null,
  "WisModifer": null,
  "ConModifer": null,
  "DexModifer": null,
  "AcModifer": null,
  "MrModifer": null,
  "HitModifer": null,
  "DmgModifer": null,
  "SpellOperator": null,
  "OffenseElement": 0,
  "DefenseElement": 0,
  "CarryWeight": 1,
  "Flags": 4189,
  "MaxDurability": 3000,
  "Value": 1000,
  "EquipmentSlot": 13,
  "NpcKey": "Scroll Merchant",
  "Class": 0,
  "LevelRequired": 1,
  "DmgMin": 0,
  "DmgMax": 0,
  "DropRate": 1.0,
  "StageRequired": 0,
  "HasPants": false,
  "Color": 13,
  "WeaponScript": null,
  "Name": "Boots",
  "Description": null,
  "Group": null
}