{
  "$type": "Darkages.Types.ItemTemplate, Darkages.Server",
  "MiniScript": null,
  "ID": 0,
  "CanStack": true,
  "MaxStack": 10,
  "Image": 33095,
  "DisplayImage": 33095,
  "ScriptName": null,
  "Gender": 0,
  "HealthModifer": null,
  "ManaModifer": null,
  "StrModifer": null,
  "IntModifer": null,
  "WisModifer": null,
  "ConModifer": null,
  "DexModifer": null,
  "AcModifer": null,
  "MrModifer": null,
  "HitModifer": null,
  "DmgModifer": null,
  "SpellOperator": null,
  "OffenseElement": 0,
  "DefenseElement": 0,
  "CarryWeight": 1,
  "Flags": 2236,
  "MaxDurability": 0,
  "Value": 500,
  "EquipmentSlot": 0,
  "NpcKey": null,
  "Class": 0,
  "LevelRequired": 1,
  "DmgMin": 0,
  "DmgMax": 0,
  "DropRate": 0.23,
  "StageRequired": 0,
  "HasPants": false,
  "Color": 0,
  "WeaponScript": null,
  "Name": "Centipede's Gland",
  "Description": "Glands of a centipede fetch a good price for Dar the Wizard. These can be found by killing centipedes in the mileth crypt.",
  "Group": null
}