{
  "$type": "Darkages.Types.ItemTemplate, Darkages.Server",
  "ID": 1,
  "CanStack": false,
  "MaxStack": 0,
  "Image": 6,
  "DisplayImage": 32859,
  "ScriptName": "Weapon",
  "Gender": 255,
  "HealthModifer": {
    "$type": "Darkages.Types.StatusOperator, Darkages.Server",
    "Option": 0,
    "Value": 150
  },
  "ManaModifer": null,
  "StrModifer": null,
  "IntModifer": null,
  "WisModifer": null,
  "ConModifer": null,
  "DexModifer": null,
  "AcModifer": null,
  "MrModifer": null,
  "HitModifer": {
    "$type": "Darkages.Types.StatusOperator, Darkages.Server",
    "Option": 0,
    "Value": 5
  },
  "DmgModifer": {
    "$type": "Darkages.Types.StatusOperator, Darkages.Server",
    "Option": 0,
    "Value": 5
  },
  "SpellOperator": null,
  "OffenseElement": 0,
  "DefenseElement": 0,
  "CarryWeight": 1,
  "Flags": 77,
  "MaxDurability": 0,
  "Value": 500,
  "EquipmentSlot": 1,
  "NpcKey": "Arms Dealer",
  "Class": 0,
  "LevelRequired": 1,
  "DmgMin": 11,
  "DmgMax": 16,
  "DropRate": 10.0,
  "StageRequired": 0,
  "HasPants": false,
  "Color": 0,
  "Name": "Dirk"
}