{
  "$type": "Darkages.Types.ItemTemplate, Darkages.Server",
  "MiniScript": null,
  "ID": 0,
  "CanStack": false,
  "MaxStack": 0,
  "Image": 383,
  "DisplayImage": 33012,
  "ScriptName": "Belt",
  "Gender": 255,
  "HealthModifer": null,
  "ManaModifer": null,
  "StrModifer": null,
  "IntModifer": null,
  "WisModifer": null,
  "ConModifer": null,
  "DexModifer": null,
  "AcModifer": null,
  "MrModifer": null,
  "HitModifer": null,
  "DmgModifer": null,
  "SpellOperator": null,
  "OffenseElement": 0,
  "DefenseElement": 4,
  "CarryWeight": 1,
  "Flags": 1117,
  "MaxDurability": 50000,
  "Value": 10000000,
  "EquipmentSlot": 11,
  "NpcKey": null,
  "Class": 0,
  "LevelRequired": 1,
  "DmgMin": 0,
  "DmgMax": 0,
  "DropRate": 1.0,
  "StageRequired": 0,
  "HasPants": false,
  "Color": 0,
  "WeaponScript": null,
  "Name": "Earth Belt",
  "Description": null,
  "Group": null
}