{
  "$type": "Darkages.Types.ItemTemplate, Darkages.Server",
  "MiniScript": null,
  "ID": 0,
  "CanStack": false,
  "MaxStack": 0,
  "Image": 205,
  "DisplayImage": 32973,
  "ScriptName": "Necklace",
  "Gender": 255,
  "HealthModifer": null,
  "ManaModifer": null,
  "StrModifer": null,
  "IntModifer": null,
  "WisModifer": null,
  "ConModifer": null,
  "DexModifer": null,
  "AcModifer": null,
  "MrModifer": null,
  "HitModifer": null,
  "DmgModifer": null,
  "SpellOperator": null,
  "OffenseElement": 1,
  "DefenseElement": 0,
  "CarryWeight": 1,
  "Flags": 5241,
  "MaxDurability": 5000,
  "Value": 10000,
  "EquipmentSlot": 6,
  "NpcKey": "Precious Jewels",
  "Class": 0,
  "LevelRequired": 6,
  "DmgMin": 0,
  "DmgMax": 0,
  "DropRate": 0.5,
  "StageRequired": 0,
  "HasPants": false,
  "Color": 37,
  "WeaponScript": null,
  "Name": "Fire Necklace",
  "Description": null,
  "Group": null
}