{
  "$type": "Darkages.Types.ItemTemplate, Darkages.Server",
  "MiniScript": null,
  "ID": 0,
  "CanStack": false,
  "MaxStack": 0,
  "Image": 26,
  "DisplayImage": 32953,
  "ScriptName": "Weapon",
  "Gender": 255,
  "HealthModifer": null,
  "ManaModifer": null,
  "StrModifer": null,
  "IntModifer": null,
  "WisModifer": null,
  "ConModifer": null,
  "DexModifer": null,
  "AcModifer": null,
  "MrModifer": null,
  "HitModifer": null,
  "DmgModifer": null,
  "SpellOperator": {
    "$type": "Darkages.Types.SpellOperator, Darkages.Server",
    "Scope": 3,
    "Option": 2,
    "Value": 3,
    "MinValue": 0,
    "MaxValue": 9
  },
  "OffenseElement": 0,
  "DefenseElement": 0,
  "CarryWeight": 5,
  "Flags": 13435,
  "MaxDurability": 0,
  "Value": 100000,
  "EquipmentSlot": 1,
  "NpcKey": "Arms Dealer",
  "Class": 4,
  "LevelRequired": 11,
  "DmgMin": 13,
  "DmgMax": 19,
  "DropRate": 13.0,
  "StageRequired": 0,
  "HasPants": false,
  "Color": 0,
  "WeaponScript": null,
  "Name": "Holy Diana",
  "Description": null,
  "Group": null
}