{
  "$type": "Darkages.Types.ItemTemplate, Darkages.Server",
  "MiniScript": null,
  "ID": 0,
  "CanStack": false,
  "MaxStack": 0,
  "Image": 33017,
  "DisplayImage": 33017,
  "ScriptName": "Gauntlet",
  "Gender": 0,
  "HealthModifer": null,
  "ManaModifer": {
    "$type": "Darkages.Types.StatusOperator, Darkages.Server",
    "Option": 1,
    "Value": 200
  },
  "StrModifer": null,
  "IntModifer": null,
  "WisModifer": null,
  "ConModifer": null,
  "DexModifer": null,
  "AcModifer": {
    "$type": "Darkages.Types.StatusOperator, Darkages.Server",
    "Option": 0,
    "Value": 2
  },
  "MrModifer": null,
  "HitModifer": null,
  "DmgModifer": null,
  "SpellOperator": null,
  "OffenseElement": 0,
  "DefenseElement": 0,
  "CarryWeight": 3,
  "Flags": 0,
  "MaxDurability": 10000,
  "Value": 6000,
  "EquipmentSlot": 9,
  "NpcKey": "Alf Stewert",
  "Class": 0,
  "LevelRequired": 33,
  "DmgMin": 0,
  "DmgMax": 0,
  "DropRate": 0.19,
  "StageRequired": 0,
  "HasPants": false,
  "Color": 0,
  "WeaponScript": null,
  "Name": "Iron Gauntlet",
  "Description": "Sturdy Iron Gauntlets, However heavy, Reduces -1000 mana to the bearer.",
  "Group": null
}