{
  "$type": "Darkages.Types.ItemTemplate, Darkages.Server",
  "MiniScript": null,
  "ID": 0,
  "CanStack": false,
  "MaxStack": 0,
  "Image": 11,
  "DisplayImage": 32938,
  "ScriptName": "Weapon",
  "Gender": 255,
  "HealthModifer": null,
  "ManaModifer": {
    "$type": "Darkages.Types.StatusOperator, Darkages.Server",
    "Option": 1,
    "Value": -2000
  },
  "StrModifer": null,
  "IntModifer": {
    "$type": "Darkages.Types.StatusOperator, Darkages.Server",
    "Option": 1,
    "Value": -1
  },
  "WisModifer": {
    "$type": "Darkages.Types.StatusOperator, Darkages.Server",
    "Option": 1,
    "Value": -1
  },
  "ConModifer": null,
  "DexModifer": null,
  "AcModifer": null,
  "MrModifer": null,
  "HitModifer": {
    "$type": "Darkages.Types.StatusOperator, Darkages.Server",
    "Option": 1,
    "Value": 0
  },
  "DmgModifer": {
    "$type": "Darkages.Types.StatusOperator, Darkages.Server",
    "Option": 1,
    "Value": 0
  },
  "SpellOperator": null,
  "OffenseElement": 0,
  "DefenseElement": 0,
  "CarryWeight": 15,
  "Flags": 4221,
  "MaxDurability": 12000,
  "Value": 5500,
  "EquipmentSlot": 1,
  "NpcKey": "Arms Dealer",
  "Class": 0,
  "LevelRequired": 31,
  "DmgMin": 31,
  "DmgMax": 45,
  "DropRate": 1.0,
  "StageRequired": 0,
  "HasPants": false,
  "Color": 0,
  "WeaponScript": null,
  "Name": "Masquerade",
  "Description": null,
  "Group": null
}