{
  "$type": "Darkages.Types.ItemTemplate, Darkages.Server",
  "MiniScript": null,
  "ID": 0,
  "CanStack": false,
  "MaxStack": 0,
  "Image": 117,
  "DisplayImage": 33098,
  "ScriptName": "Helmet",
  "Gender": 255,
  "HealthModifer": null,
  "ManaModifer": {
    "$type": "Darkages.Types.StatusOperator, Darkages.Server",
    "Option": 1,
    "Value": 500
  },
  "StrModifer": {
    "$type": "Darkages.Types.StatusOperator, Darkages.Server",
    "Option": 0,
    "Value": 2
  },
  "IntModifer": {
    "$type": "Darkages.Types.StatusOperator, Darkages.Server",
    "Option": 1,
    "Value": 2
  },
  "WisModifer": {
    "$type": "Darkages.Types.StatusOperator, Darkages.Server",
    "Option": 1,
    "Value": 2
  },
  "ConModifer": null,
  "DexModifer": {
    "$type": "Darkages.Types.StatusOperator, Darkages.Server",
    "Option": 1,
    "Value": 2
  },
  "AcModifer": {
    "$type": "Darkages.Types.StatusOperator, Darkages.Server",
    "Option": 1,
    "Value": 2
  },
  "MrModifer": null,
  "HitModifer": null,
  "DmgModifer": null,
  "SpellOperator": null,
  "OffenseElement": 0,
  "DefenseElement": 0,
  "CarryWeight": 1,
  "Flags": 4189,
  "MaxDurability": 5000,
  "Value": 15000,
  "EquipmentSlot": 4,
  "NpcKey": "Scroll Merchant",
  "Class": 0,
  "LevelRequired": 3,
  "DmgMin": 0,
  "DmgMax": 0,
  "DropRate": 27.0,
  "StageRequired": 0,
  "HasPants": false,
  "Color": 0,
  "WeaponScript": null,
  "Name": "Orc Helmet",
  "Description": null,
  "Group": null
}