{
  "$type": "Darkages.Types.ItemTemplate, Darkages.Server",
  "MiniScript": "user.CurrentHp += 500; \r\n\t\t user.BarMsg(\"Mmm Pork!\");\r\n\t         user.Animate(125); \r\n                 user.RefreshStats();",
  "ID": 0,
  "CanStack": true,
  "MaxStack": 100,
  "Image": 32803,
  "DisplayImage": 32803,
  "ScriptName": null,
  "Gender": 0,
  "HealthModifer": null,
  "ManaModifer": null,
  "StrModifer": null,
  "IntModifer": null,
  "WisModifer": null,
  "ConModifer": null,
  "DexModifer": null,
  "AcModifer": null,
  "MrModifer": null,
  "HitModifer": null,
  "DmgModifer": null,
  "SpellOperator": null,
  "OffenseElement": 0,
  "DefenseElement": 0,
  "CarryWeight": 0,
  "Flags": 2492,
  "MaxDurability": 0,
  "Value": 0,
  "EquipmentSlot": 0,
  "NpcKey": null,
  "Class": 0,
  "LevelRequired": 1,
  "DmgMin": 0,
  "DmgMax": 0,
  "DropRate": 0.5,
  "StageRequired": 0,
  "HasPants": false,
  "Color": 0,
  "WeaponScript": null,
  "Name": "Pork",
  "Description": null,
  "Group": null
}