{
  "$type": "Darkages.Types.ItemTemplate, Darkages.Server",
  "MiniScript": null,
  "ID": 2,
  "CanStack": true,
  "MaxStack": 100,
  "Image": 338,
  "DisplayImage": 33106,
  "ScriptName": null,
  "Gender": 255,
  "HealthModifer": null,
  "ManaModifer": null,
  "StrModifer": null,
  "IntModifer": null,
  "WisModifer": null,
  "ConModifer": null,
  "DexModifer": null,
  "AcModifer": null,
  "MrModifer": null,
  "HitModifer": null,
  "DmgModifer": null,
  "SpellOperator": null,
  "OffenseElement": 0,
  "DefenseElement": 0,
  "CarryWeight": 1,
  "Flags": 2236,
  "MaxDurability": 0,
  "Value": 500,
  "EquipmentSlot": 0,
  "NpcKey": null,
  "Class": 0,
  "LevelRequired": 0,
  "DmgMin": 0,
  "DmgMax": 0,
  "DropRate": 24.0,
  "StageRequired": 0,
  "HasPants": false,
  "Color": 0,
  "WeaponScript": null,
  "Name": "rat shit",
  "Description": null,
  "Group": null
}