{
  "$type": "Darkages.Types.ItemTemplate, Darkages.Server",
  "MiniScript": null,
  "ID": 0,
  "CanStack": false,
  "MaxStack": 0,
  "Image": 28,
  "DisplayImage": 32989,
  "ScriptName": "Weapon",
  "Gender": 255,
  "HealthModifer": null,
  "ManaModifer": null,
  "StrModifer": null,
  "IntModifer": null,
  "WisModifer": null,
  "ConModifer": null,
  "DexModifer": null,
  "AcModifer": null,
  "MrModifer": null,
  "HitModifer": {
    "$type": "Darkages.Types.StatusOperator, Darkages.Server",
    "Option": 0,
    "Value": 3
  },
  "DmgModifer": {
    "$type": "Darkages.Types.StatusOperator, Darkages.Server",
    "Option": 0,
    "Value": 1
  },
  "SpellOperator": null,
  "OffenseElement": 0,
  "DefenseElement": 0,
  "CarryWeight": 3,
  "Flags": 20605,
  "MaxDurability": 10000,
  "Value": 500,
  "EquipmentSlot": 1,
  "NpcKey": null,
  "Class": 2,
  "LevelRequired": 3,
  "DmgMin": 13,
  "DmgMax": 25,
  "DropRate": 0.03,
  "StageRequired": 0,
  "HasPants": false,
  "Color": 37,
  "WeaponScript": "Snow Secret",
  "Name": "Snow Secret",
  "Description": "A Long range item only a trained rogue may use.",
  "Group": null
}