{
  "$type": "Darkages.Types.ItemTemplate, Darkages.Server",
  "ID": 0,
  "CanStack": false,
  "MaxStack": 0,
  "Image": 135,
  "DisplayImage": 32903,
  "ScriptName": null,
  "Gender": 0,
  "HealthModifer": null,
  "ManaModifer": null,
  "StrModifer": null,
  "IntModifer": null,
  "WisModifer": null,
  "ConModifer": null,
  "DexModifer": null,
  "AcModifer": null,
  "MrModifer": null,
  "HitModifer": null,
  "DmgModifer": null,
  "SpellOperator": null,
  "OffenseElement": 0,
  "DefenseElement": 0,
  "CarryWeight": 1,
  "Flags": 2060,
  "MaxDurability": 0,
  "Value": 0,
  "EquipmentSlot": 0,
  "NpcKey": null,
  "Class": 0,
  "LevelRequired": 0,
  "DmgMin": 0,
  "DmgMax": 0,
  "DropRate": 0.8,
  "StageRequired": 0,
  "HasPants": false,
  "Color": 37,
  "Name": "Sunup's Lost Sachel"
}