{
  "$type": "Darkages.Types.ItemTemplate, Darkages.Server",
  "ID": 0,
  "CanStack": false,
  "MaxStack": 0,
  "Image": 8,
  "DisplayImage": 32901,
  "ScriptName": "Weapon",
  "Gender": 255,
  "HealthModifer": null,
  "ManaModifer": null,
  "StrModifer": null,
  "IntModifer": null,
  "WisModifer": null,
  "ConModifer": null,
  "DexModifer": null,
  "AcModifer": null,
  "MrModifer": null,
  "HitModifer": null,
  "DmgModifer": null,
  "SpellOperator": {
    "$type": "Darkages.Types.SpellOperator, Darkages.Server",
    "Scope": 3,
    "Option": 2,
    "Value": 1,
    "MinValue": 0,
    "MaxValue": 9
  },
  "OffenseElement": 0,
  "DefenseElement": 0,
  "CarryWeight": 1,
  "Flags": 4221,
  "MaxDurability": 1000,
  "Value": 100,
  "EquipmentSlot": 1,
  "NpcKey": "Arms Dealer",
  "Class": 0,
  "LevelRequired": 1,
  "DmgMin": 4,
  "DmgMax": 30,
  "DropRate": 0.9,
  "StageRequired": 0,
  "HasPants": false,
  "Color": 0,
  "Name": "Training Staff"
}