
{
    "$type": "Darkages.Types.ItemTemplate, Darkages.Server",
    "MiniScript": null,
    "ID": 0,
    "CanStack": false,
    "MaxStack": 0,
    "Image": 230,
    "DisplayImage": 32998,
    "ScriptName": "Earring",
    "Gender": 255,
    "HealthModifer": null,
    "ManaModifer": null,
    "StrModifer": {
      "$type": "Darkages.Types.StatusOperator, Darkages.Server",
      "Option": 0,
      "Value": 3
    },
    "ConModifer": {
      "$type": "Darkages.Types.StatusOperator, Darkages.Server",
      "Option": 0,
      "Value": 2 },
    "AcModifer": {
      "$type": "Darkages.Types.StatusOperator, Darkages.Server",
      "Option": 0,
      "Value": 1 },
    "DmgModifer": {
      "$type": "Darkages.Types.StatusOperator, Darkages.Server",
      "Option": 0,
      "Value": 3 },
    "SpellOperator": null,
    "OffenseElement": 0,
    "DefenseElement": 0,
    "CarryWeight": 1,
    "Flags": 4189,
    "MaxDurability": 6000,
    "Value": 500,
    "EquipmentSlot": 5,
    "NpcKey": "Keallach",
    "Class": 5,
    "LevelRequired": 1,
    "DmgMin": 0,
    "DmgMax": 0,
    "DropRate": 100.0,
    "StageRequired": 0,
    "HasPants": false,
    "Color": 0,
    "WeaponScript": null,
    "Name": "Wolf Earrings",
    "Description": "Earrings that boost fighting power with the strength of the Wolf."
    
}