{
  "$type": "Darkages.Types.ItemTemplate, Darkages.Server",
  "MiniScript": null,
  "ID": 1,
  "CanStack": false,
  "MaxStack": 0,
  "Image": 1,
  "DisplayImage": 32860,
  "ScriptName": "Shield",
  "Gender": 255,
  "HealthModifer": null,
  "ManaModifer": null,
  "StrModifer": null,
  "IntModifer": null,
  "WisModifer": null,
  "ConModifer": null,
  "DexModifer": null,
  "AcModifer": {
    "$type": "Darkages.Types.StatusOperator, Darkages.Server",
    "Option": 1,
    "Value": 10
  },
  "MrModifer": {
    "$type": "Darkages.Types.StatusOperator, Darkages.Server",
    "Option": 0,
    "Value": 30
  },
  "HitModifer": null,
  "DmgModifer": null,
  "SpellOperator": null,
  "OffenseElement": 0,
  "DefenseElement": 0,
  "CarryWeight": 1,
  "Flags": 77,
  "MaxDurability": 0,
  "Value": 500,
  "EquipmentSlot": 3,
  "NpcKey": "shop1",
  "Class": 0,
  "LevelRequired": 1,
  "DmgMin": 0,
  "DmgMax": 0,
  "DropRate": 28.0,
  "StageRequired": 0,
  "HasPants": false,
  "Color": 0,
  "WeaponScript": null,
  "Name": "Wooden Shield",
  "Description": null,
  "Group": null
}