{
  "Posts": [
    {
      "Secured": true,
      "Command": 49,
      "Owner": "lol",
      "TopicId": 2931,
      "PostId": 1,
      "BoardId": 2,
      "Read": false,
      "DatePosted": "2018-01-16T15:26:51.5340336Z",
      "Sender": "lol",
      "Message": "events.",
      "Recipient": null,
      "Subject": "some event."
    },
    {
      "Secured": true,
      "Command": 49,
      "Owner": "lol",
      "TopicId": 1140,
      "PostId": 2,
      "BoardId": 1,
      "Read": false,
      "DatePosted": "2018-11-11T11:08:31.5904415Z",
      "Sender": "lol",
      "Message": "test",
      "Recipient": null,
      "Subject": "test"
    }
  ],
  "Secured": true,
  "Command": 49,
  "Index": 2,
  "IsMail": false,
  "Subject": "Events and Events",
  "LetterId": 2
}