{
  "$type": "Darkages.Types.MonsterTemplate, Darkages.Server",
  "Drops": {
    "$type": "System.Collections.ObjectModel.Collection`1[[System.String, mscorlib]], mscorlib",
    "$values": [
	"Shirt", "Blouse", "Dirk", "Fire Belt", "Sea Belt", "Earth Belt", "Wind Belt"
]
  },
  "ID": 0,
  "Image": 0x42EF,
  "ScriptName": "Common Monster",
  "DefinedX": 31,
  "DefinedY": 25,
  "LootType": 36,
  "MoodType": 0,
  "SpawnType": 2,
  "ElementType": 0,
  "PathQualifer": 1,
  "Level": 2,
  "MaximumHP": 200,
  "MaximumMP": 200,
  "SpawnerID": 0,
  "AreaID": 100,
  "MovementSpeed": 750,
  "CastSpeed": 5000,
  "IsBoss": true,
  "SpawnMax": 1,
  "SpawnRate": 150,
  "SpawnSize": 1,
  "AttackSpeed": 600,
  "IgnoreCollision": false,
  "ImageVarience": 0,
  "SpawnOnlyOnActiveMaps": false,
  "Grow": true,
  "DefenseElement": 0,
  "OffenseElement": 0,
  "UpdateMapWide": false,
  "Name": "Past Memory"
}