{
  "$type": "Darkages.Types.MonsterTemplate, Darkages.Server",
  "Drops": {
    "$type": "System.Collections.ObjectModel.Collection`1[[System.String, mscorlib]], mscorlib",
    "$values": [
      "random",
      "Bee's Honey",
      "Bee's Wax",
      "Bee's Wing"
    ]
  },
  "Image": 16385,
  "ScriptName": "Common Monster",
  "DefinedX": 0,
  "DefinedY": 0,
  "LootType": 36,
  "MoodType": 2,
  "SpawnType": 2,
  "ElementType": 1,
  "PathQualifer": 1,
  "Level": 8,
  "MaximumHP": 0,
  "MaximumMP": 0,
  "AreaID": 304,
  "MovementSpeed": 2000,
  "CastSpeed": 6500,
  "SpawnMax": 150,
  "SpawnRate": 5,
  "SpawnSize": 12,
  "AttackSpeed": 1250,
  "IgnoreCollision": false,
  "ImageVarience": 0,
  "SpawnOnlyOnActiveMaps": false,
  "Grow": false,
  "SpellScripts": {
    "$type": "System.Collections.ObjectModel.Collection`1[[System.String, mscorlib]], mscorlib",
    "$values": [
      "beag cradh",
      "beag sal",
      "beag srad"
    ]
  },
  "SkillScripts": {
    "$type": "System.Collections.ObjectModel.Collection`1[[System.String, mscorlib]], mscorlib",
    "$values": []
  },
  "DefenseElement": 1,
  "OffenseElement": 0,
  "Waypoints": null,
  "UpdateMapWide": false,
  "FamilyKey": null,
  "BaseName": null,
  "Name": "Bee",
  "Description": null,
  "Group": null
}