{
  "$type": "Darkages.Types.MonsterTemplate, Darkages.Server",
  "Drops": {
    "$type": "System.Collections.ObjectModel.Collection`1[[System.String, mscorlib]], mscorlib",
    "$values": [
	"Sunup's Lost Sachel"
	]
  },
  "ID": 0,
  "Image": 0x4158,
  "ScriptName": "Common Monster",
  "DefinedX": 18,
  "DefinedY": 28,
  "LootType": 36,
  "MoodType": 0,
  "SpawnType": 2,
  "ElementType": 0,
  "PathQualifer": 1,
  "Level": 6,
  "MaximumHP": 200,
  "MaximumMP": 200,
  "SpawnerID": 0,
  "AreaID": 82,
  "MovementSpeed": 1000,
  "CastSpeed": 3000,
  "IsBoss": false,
  "SpawnMax": 35,
  "SpawnRate": 15,
  "SpawnSize": 4,
  "AttackSpeed": 1600,
  "IgnoreCollision": false,
  "ImageVarience": 0,
  "SpawnOnlyOnActiveMaps": false,
  "Grow": false,
  "DefenseElement": 0,
  "OffenseElement": 0,
  "UpdateMapWide": false,
  "Name": "Broken Walker"
}