{
  "$type": "Darkages.Types.MonsterTemplate, Darkages.Server",
  "Drops": {
    "$type": "System.Collections.ObjectModel.Collection`1[[System.String, mscorlib]], mscorlib",
    "$values": [
      "random"
    ]
  },
  "Image": 17134,
  "ScriptName": "Common Monster",
  "DefinedX": 0,
  "DefinedY": 0,
  "LootType": 0,
  "MoodType": 0,
  "SpawnType": 2,
  "ElementType": 0,
  "PathQualifer": 1,
  "Level": 10,
  "MaximumHP": 200,
  "MaximumMP": 200,
  "AreaID": 200,
  "MovementSpeed": 300,
  "CastSpeed": 1000,
  "SpawnMax": 10000,
  "SpawnRate": 1,
  "SpawnSize": 360,
  "AttackSpeed": 1000,
  "IgnoreCollision": false,
  "ImageVarience": 0,
  "SpawnOnlyOnActiveMaps": false,
  "Grow": false,
  "SpellScripts": null,
  "SkillScripts": null,
  "DefenseElement": 0,
  "OffenseElement": 0,
  "Waypoints": null,
  "UpdateMapWide": false,
  "FamilyKey": null,
  "BaseName": null,
  "Name": "Corrupted Spartan",
  "Description": null,
  "Group": null
}