{
  "$type": "Darkages.Types.MonsterTemplate, Darkages.Server",
  "Drops": {
    "$type": "System.Collections.ObjectModel.Collection`1[[System.String, mscorlib]], mscorlib",
    "$values": [
      "Viper's Gland"
    ]
  },
  "Image": 16433,
  "ScriptName": "Common Monster",
  "DefinedX": 0,
  "DefinedY": 0,
  "LootType": 36,
  "MoodType": 8,
  "SpawnType": 2,
  "ElementType": 1,
  "PathQualifer": 1,
  "Level": 1,
  "MaximumHP": 0,
  "MaximumMP": 0,
  "AreaID": 302,
  "MovementSpeed": 2000,
  "CastSpeed": 6500,
  "SpawnMax": 250,
  "SpawnRate": 5,
  "SpawnSize": 12,
  "AttackSpeed": 1250,
  "IgnoreCollision": false,
  "ImageVarience": 0,
  "SpawnOnlyOnActiveMaps": false,
  "Grow": false,
  "SpellScripts": {
    "$type": "System.Collections.ObjectModel.Collection`1[[System.String, mscorlib]], mscorlib",
    "$values": []
  },
  "SkillScripts": {
    "$type": "System.Collections.ObjectModel.Collection`1[[System.String, mscorlib]], mscorlib",
    "$values": []
  },
  "DefenseElement": 1,
  "OffenseElement": 0,
  "Waypoints": null,
  "UpdateMapWide": false,
  "FamilyKey": null,
  "BaseName": null,
  "Name": "Enchanted Garden Viper",
  "Description": null,
  "Group": null
}