{
  "$type": "Darkages.Types.MonsterTemplate, Darkages.Server",
  "Drops": {
    "$type": "System.Collections.ObjectModel.Collection`1[[System.String, mscorlib]], mscorlib",
    "$values": [
	"random",
	"Goblin's Skull",
    ]
  },
  "SkillScripts": {
    "$type": "System.Collections.ObjectModel.Collection`1[[System.String, mscorlib]], mscorlib",
    "$values": [
      "Wind Blade",
    ]
  },
  "ID": 152,
  "Image": 0x400E,
  "ScriptName": "Common Monster",
  "DefinedX": 0,
  "DefinedY": 0,
  "LootType": 36,
  "MoodType": 2,
  "SpawnType": 2,
  "ElementType": 1,
  "PathQualifer": 1,
  "Level": 45,
  "MaximumHP": 0,
  "MaximumMP": 0,
  "SpawnerID": 0,
  "AreaID": 307,
  "MovementSpeed": 2000,
  "CastSpeed": 6500,
  "IsBoss": false,
  "SpawnMax": 70,
  "SpawnRate": 5,
  "SpawnSize": 6,
  "AttackSpeed": 1250,
  "IgnoreCollision": false,
  "ImageVarience": 4,
  "SpawnOnlyOnActiveMaps": false,
  "Grow": false,
  "SpellScripts": {
    "$type": "System.Collections.ObjectModel.Collection`1[[System.String, mscorlib]], mscorlib",
    "$values": [
      "cradh",
      "armachd",
    ]
  },
  "DefenseElement": 1,
  "OffenseElement": 0,
  "UpdateMapWide": false,
  "Name": "Random Goblins"
}