{
  "$type": "Darkages.Types.MonsterTemplate, Darkages.Server",
  "Drops": {
    "$type": "System.Collections.ObjectModel.Collection`1[[System.String, mscorlib]], mscorlib",
    "$values": [
	"random",
	"Goblin's Skull"
    ]
  },
  "ID": 152,
  "Image": 0x4012,
  "ScriptName": "Common Monster",
  "DefinedX": 0,
  "DefinedY": 0,
  "LootType": 36,
  "MoodType": 2,
  "SpawnType": 2,
  "ElementType": 1,
  "PathQualifer": 1,
  "Level": 72,
  "MaximumHP": 0,
  "MaximumMP": 0,
  "SpawnerID": 0,
  "AreaID": 310,
  "MovementSpeed": 1700,
  "CastSpeed": 5500,
  "IsBoss": false,
  "SpawnMax": 20,
  "SpawnRate": 6,
  "SpawnSize": 3,
  "AttackSpeed": 1250,
  "IgnoreCollision": false,
  "ImageVarience": 0,
  "SpawnOnlyOnActiveMaps": false,
  "Grow": false,
  "SpellScripts": {
    "$type": "System.Collections.ObjectModel.Collection`1[[System.String, mscorlib]], mscorlib",
    "$values": [
      "mor cradh",
      "puinsein",
      "pramh",      
    ]
  },
  "DefenseElement": 1,
  "OffenseElement": 0,
  "UpdateMapWide": false,
  "Name": "Corrupted Goblin Captain"
}