{
  "$type": "Darkages.Types.MonsterTemplate, Darkages.Server",
  "Drops": {
    "$type": "System.Collections.ObjectModel.Collection`1[[System.String, mscorlib]], mscorlib",
    "$values": [
	"random",
	"Fairy's Wing",
	"Australia's Deadliest Venom"
    ]
  },
  "ID": 152,
  "Image": 0x4004,
  "ScriptName": "Common Monster",
  "DefinedX": 0,
  "DefinedY": 0,
  "LootType": 36,
  "MoodType": 2,
  "SpawnType": 2,
  "ElementType": 1,
  "PathQualifer": 1,
  "Level": 85,
  "MaximumHP": 0,
  "MaximumMP": 0,
  "SpawnerID": 0,
  "AreaID": 316,
  "MovementSpeed": 1000,
  "CastSpeed": 1500,
  "IsBoss": false,
  "SpawnMax": 12,
  "SpawnRate": 15,
  "SpawnSize": 3,
  "AttackSpeed": 1250,
  "IgnoreCollision": false,
  "ImageVarience": 0,
  "SpawnOnlyOnActiveMaps": false,
  "Grow": false,
  "SpellScripts": {
    "$type": "System.Collections.ObjectModel.Collection`1[[System.String, mscorlib]], mscorlib",
    "$values": [
      "mor cradh",
    ]
  },
  "DefenseElement": 1,
  "OffenseElement": 0,
  "UpdateMapWide": false,
  "Name": "Woodlands Fae"
}