{
  "$type": "Darkages.Types.MonsterTemplate, Darkages.Server",
  "Drops": {
    "$type": "System.Collections.ObjectModel.Collection`1[[System.String, mscorlib]], mscorlib",
    "$values": [
      "random"
    ]
  },
  "Image": 16402,
  "ScriptName": "Common Monster",
  "DefinedX": 0,
  "DefinedY": 0,
  "LootType": 36,
  "MoodType": 2,
  "SpawnType": 2,
  "ElementType": 2,
  "PathQualifer": 1,
  "Level": 99,
  "MaximumHP": 0,
  "MaximumMP": 0,
  "AreaID": 1010,
  "MovementSpeed": 1200,
  "CastSpeed": 1500,
  "SpawnMax": 20,
  "SpawnRate": 6,
  "SpawnSize": 3,
  "AttackSpeed": 1250,
  "IgnoreCollision": false,
  "ImageVarience": 0,
  "SpawnOnlyOnActiveMaps": false,
  "Grow": false,
  "SpellScripts": {
    "$type": "System.Collections.ObjectModel.Collection`1[[System.String, mscorlib]], mscorlib",
    "$values": [
      "ard cradh",
      "puinsein",
      "pramh"
    ]
  },
  "SkillScripts": {
    "$type": "System.Collections.ObjectModel.Collection`1[[System.String, mscorlib]], mscorlib",
    "$values": [
      "Crasher"
    ]
  },
  "DefenseElement": 5,
  "OffenseElement": 6,
  "Waypoints": null,
  "UpdateMapWide": false,
  "FamilyKey": null,
  "BaseName": null,
  "Name": "Goblin Captain",
  "Description": null,
  "Group": null
}