{
  "$type": "Darkages.Types.MonsterTemplate, Darkages.Server",
  "Drops": {
    "$type": "System.Collections.ObjectModel.Collection`1[[System.String, mscorlib]], mscorlib",
    "$values": [
	"random",
	"Goblin's Skull",
    ]
  },
  "SkillScripts": {
    "$type": "System.Collections.ObjectModel.Collection`1[[System.String, mscorlib]], mscorlib",
    "$values": [
      "Wind Blade",
      "Wolf Fang Fist",
      "Kelberoth Strike"
    ]
  },
  "ID": 152,
  "Image": 0x400E,
  "ScriptName": "Common Monster",
  "DefinedX": 0,
  "DefinedY": 0,
  "LootType": 36,
  "MoodType": 2,
  "SpawnType": 2,
  "ElementType": 2,
  "PathQualifer": 1,
  "Level": 97,
  "MaximumHP": 0,
  "MaximumMP": 0,
  "SpawnerID": 0,
  "AreaID": 1010,
  "MovementSpeed": 2000,
  "CastSpeed": 6500,
  "IsBoss": false,
  "SpawnMax": 90,
  "SpawnRate": 1,
  "SpawnSize": 30,
  "AttackSpeed": 1250,
  "IgnoreCollision": false,
  "ImageVarience": 4,
  "SpawnOnlyOnActiveMaps": false,
  "Grow": false,
  "SpellScripts": {
    "$type": "System.Collections.ObjectModel.Collection`1[[System.String, mscorlib]], mscorlib",
    "$values": [
      "ard cradh",
      "armachd",
      "ard puinsein",
      "pramh"
    ]
  },
  "DefenseElement": 6,
  "OffenseElement": 5,
  "UpdateMapWide": false,
  "Name": "Goblin"
}