{
  "$type": "Darkages.Types.MonsterTemplate, Darkages.Server",
  "Drops": {
    "$type": "System.Collections.ObjectModel.Collection`1[[System.String, mscorlib]], mscorlib",
    "$values": [
	"random"
	]
  },
  "ID": 0,
  "Image": 0x41FD,
  "ScriptName": "Common Monster",
  "DefinedX": 21,
  "DefinedY": 15,
  "LootType": 0,
  "MoodType": 0,
  "SpawnType": 4,
  "ElementType": 0,
  "PathQualifer": 1,
  "Level": 5,
  "MaximumHP": 200,
  "MaximumMP": 200,
  "SpawnerID": 0,
  "AreaID": 83,
  "MovementSpeed": 1000,
  "CastSpeed": 3000,
  "IsBoss": false,
  "SpawnMax": 3,
  "SpawnRate": 15,
  "SpawnSize": 2,
  "AttackSpeed": 1600,
  "IgnoreCollision": false,
  "ImageVarience": 1,
  "SpawnOnlyOnActiveMaps": false,
  "Grow": false,
  "DefenseElement": 0,
  "OffenseElement": 0,
  "UpdateMapWide": false,
  "Name": "Helpless Animal"
}