{
  "$type": "Darkages.Types.MonsterTemplate, Darkages.Server",
  "Drops": {
    "$type": "System.Collections.ObjectModel.Collection`1[[System.String, mscorlib]], mscorlib",
    "$values": []
  },
  "Image": 16641,
  "ScriptName": "Common Monster",
  "DefinedX": 31,
  "DefinedY": 25,
  "LootType": 0,
  "MoodType": 2,
  "SpawnType": 2,
  "ElementType": 0,
  "PathQualifer": 1,
  "Level": 1,
  "MaximumHP": 200,
  "MaximumMP": 200,
  "AreaID": 1,
  "MovementSpeed": 2000,
  "CastSpeed": 3000,
  "SpawnMax": 500,
  "SpawnRate": 15,
  "SpawnSize": 10,
  "AttackSpeed": 2000,
  "IgnoreCollision": false,
  "ImageVarience": 5,
  "SpawnOnlyOnActiveMaps": false,
  "Grow": false,
  "SpellScripts": null,
  "SkillScripts": null,
  "DefenseElement": 0,
  "OffenseElement": 0,
  "Waypoints": null,
  "UpdateMapWide": false,
  "FamilyKey": null,
  "BaseName": null,
  "Name": "innocent floppy",
  "Description": null,
  "Group": null
}