{
  "$type": "Darkages.Types.MonsterTemplate, Darkages.Server",
  "Drops": {
    "$type": "System.Collections.ObjectModel.Collection`1[[System.String, mscorlib]], mscorlib",
    "$values": [
	"rat shit"
]
  },
  "ID": 0,
  "Image": 16391,
  "ScriptName": "Common Monster",
  "DefinedX": 31,
  "DefinedY": 25,
  "LootType": 36,
  "MoodType": 0,
  "SpawnType": 2,
  "ElementType": 0,
  "PathQualifer": 1,
  "Level": 1,
  "MaximumHP": 200,
  "MaximumMP": 200,
  "SpawnerID": 0,
  "AreaID": 100,
  "MovementSpeed": 2000,
  "CastSpeed": 5000,
  "IsBoss": false,
  "SpawnMax": 3,
  "SpawnRate": 15,
  "SpawnSize": 1,
  "AttackSpeed": 1600,
  "IgnoreCollision": false,
  "ImageVarience": 0,
  "SpawnOnlyOnActiveMaps": false,
  "Grow": false,
  "DefenseElement": 0,
  "OffenseElement": 0,
  "UpdateMapWide": false,
  "Name": "Rat"
}