{
  "$type": "Darkages.Types.WarpTemplate, Darkages.Server",
  "LevelRequired": 6,
  "WarpRadius": 0,
  "Activations": {
    "$type": "System.Collections.Generic.List`1[[Darkages.Types.Warp, Darkages.Server]], mscorlib",
    "$values": [
      {
        "$type": "Darkages.Types.Warp, Darkages.Server",
        "Location": {
          "$type": "Darkages.Types.Position, Darkages.Server",
          "X": 16,
          "Y": 34
        },
        "AreaID": 83,
        "PortalKey": 0
      },
      {
        "$type": "Darkages.Types.Warp, Darkages.Server",
        "Location": {
          "$type": "Darkages.Types.Position, Darkages.Server",
          "X": 17,
          "Y": 34
        },
        "AreaID": 83,
        "PortalKey": 0
      },
      {
        "$type": "Darkages.Types.Warp, Darkages.Server",
        "Location": {
          "$type": "Darkages.Types.Position, Darkages.Server",
          "X": 18,
          "Y": 34
        },
        "AreaID": 83,
        "PortalKey": 0
      }
    ]
  },
  "To": {
    "$type": "Darkages.Types.Warp, Darkages.Server",
    "Location": {
      "$type": "Darkages.Types.Position, Darkages.Server",
      "X": 14,
      "Y": 4
    },
    "AreaID": 82,
    "PortalKey": 0
  },
  "WarpType": 0,
  "ActivationMapId": 83,
  "Name": "Back To Induction"
}