{
  "$type": "Darkages.Types.WarpTemplate, Darkages.Server",
  "LevelRequired": 6,
  "WarpRadius": 0,
  "Activations": {
    "$type": "System.Collections.Generic.List`1[[Darkages.Types.Warp, Darkages.Server]], mscorlib",
    "$values": [
      {
        "$type": "Darkages.Types.Warp, Darkages.Server",
        "Location": {
          "$type": "Darkages.Types.Position, Darkages.Server",
          "X": 26,
          "Y": 77
        },
        "AreaID": 151,
        "PortalKey": 0
      }
    ]
  },
  "To": {
    "$type": "Darkages.Types.Warp, Darkages.Server",
    "Location": {
      "$type": "Darkages.Types.Position, Darkages.Server",
      "X": 35,
      "Y": 8
    },
    "AreaID": 150,
    "PortalKey": 0
  },
  "WarpType": 0,
  "ActivationMapId": 151,
  "Name": "Descent Caverns 1-1"
}