{
  "$type": "Darkages.Types.WarpTemplate, Darkages.Server",
  "LevelRequired": 1,
  "WarpRadius": 0,
  "Activations": {
    "$type": "System.Collections.Generic.List`1[[Darkages.Types.Warp, Darkages.Server]], mscorlib",
    "$values": [
      {
        "$type": "Darkages.Types.Warp, Darkages.Server",
        "Location": {
          "$type": "Darkages.Types.Position, Darkages.Server",
          "X": 14,
          "Y": 8
        },
        "AreaID": 508,
        "PortalKey": 0
      },
      {
        "$type": "Darkages.Types.Warp, Darkages.Server",
        "Location": {
          "$type": "Darkages.Types.Position, Darkages.Server",
          "X": 14,
          "Y": 7
        },
        "AreaID": 508,
        "PortalKey": 0
      }
    ]
  },
  "To": {
    "$type": "Darkages.Types.Warp, Darkages.Server",
    "Location": {
      "$type": "Darkages.Types.Position, Darkages.Server",
      "X": 7,
      "Y": 7
    },
    "AreaID": 509,
    "PortalKey": 0
  },
  "WarpType": 0,
  "ActivationMapId": 508,
  "Name": "Lorule Arena 1"
}