{
  "$type": "Darkages.Types.WarpTemplate, Darkages.Server",
  "LevelRequired": 1,
  "WarpRadius": 0,
  "Activations": {
    "$type": "System.Collections.Generic.List`1[[Darkages.Types.Warp, Darkages.Server]], mscorlib",
    "$values": [
      {
        "$type": "Darkages.Types.Warp, Darkages.Server",
        "Location": {
          "$type": "Darkages.Types.Position, Darkages.Server",
          "X": 30,
          "Y": 13
        },
        "AreaID": 101,
        "PortalKey": 0
      }
    ]
  },
  "To": {
    "$type": "Darkages.Types.Warp, Darkages.Server",
    "Location": {
      "$type": "Darkages.Types.Position, Darkages.Server",
      "X": 5,
      "Y": 12
    },
    "AreaID": 100,
    "PortalKey": 0
  },
  "WarpType": 0,
  "ActivationMapId": 101,
  "Name": "Lost Wilderness 1"
}