{
  "LevelRequired": 1,
  "WarpRadius": 0,
  "Activations": [
    {
      "Location": {
        "X": 0,
        "Y": 9
      },
      "AreaID": 1000,
      "PortalKey": 0
    },
    {
      "Location": {
        "X": 0,
        "Y": 8
      },
      "AreaID": 1000,
      "PortalKey": 0
    },
    {
      "Location": {
        "X": 0,
        "Y": 7
      },
      "AreaID": 1000,
      "PortalKey": 0
    },
    {
      "Location": {
        "X": 0,
        "Y": 6
      },
      "AreaID": 1000,
      "PortalKey": 0
    },
    {
      "Location": {
        "X": 0,
        "Y": 5
      },
      "AreaID": 1000,
      "PortalKey": 0
    },
    {
      "Location": {
        "X": 0,
        "Y": 4
      },
      "AreaID": 1000,
      "PortalKey": 0
    }
  ],
  "To": {
    "Location": {
      "X": 96,
      "Y": 28
    },
    "AreaID": 1001,
    "PortalKey": 0
  },
  "WarpType": 0,
  "ActivationMapId": 1000,
  "Name": "Map Warp from 1000 to 1001"
}