{
  "LevelRequired": 1,
  "WarpRadius": 0,
  "Activations": [
    {
      "Location": {
        "X": 99,
        "Y": 32
      },
      "AreaID": 1001,
      "PortalKey": 0
    },
    {
      "Location": {
        "X": 99,
        "Y": 31
      },
      "AreaID": 1001,
      "PortalKey": 0
    },
    {
      "Location": {
        "X": 99,
        "Y": 30
      },
      "AreaID": 1001,
      "PortalKey": 0
    },
    {
      "Location": {
        "X": 99,
        "Y": 29
      },
      "AreaID": 1001,
      "PortalKey": 0
    },
    {
      "Location": {
        "X": 99,
        "Y": 28
      },
      "AreaID": 1001,
      "PortalKey": 0
    },
    {
      "Location": {
        "X": 99,
        "Y": 27
      },
      "AreaID": 1001,
      "PortalKey": 0
    },
    {
      "Location": {
        "X": 99,
        "Y": 26
      },
      "AreaID": 1001,
      "PortalKey": 0
    }
  ],
  "To": {
    "Location": {
      "X": 2,
      "Y": 6
    },
    "AreaID": 1000,
    "PortalKey": 0
  },
  "WarpType": 0,
  "ActivationMapId": 1001,
  "Name": "Map Warp from 1001 to 1000"
}