{
  "LevelRequired": 1,
  "WarpRadius": 0,
  "Activations": [
    {
      "Location": {
        "X": 14,
        "Y": 7
      },
      "AreaID": 1011,
      "PortalKey": 0
    },
    {
      "Location": {
        "X": 14,
        "Y": 8
      },
      "AreaID": 1011,
      "PortalKey": 0
    }
  ],
  "To": {
    "Location": {
      "X": 81,
      "Y": 73
    },
    "AreaID": 1001,
    "PortalKey": 0
  },
  "WarpType": 0,
  "ActivationMapId": 1011,
  "Name": "Map Warp from 1011 to 1001"
}