{
  "LevelRequired": 1,
  "WarpRadius": 0,
  "Activations": [
    {
      "Location": {
        "X": 5,
        "Y": 11
      },
      "AreaID": 1003,
      "PortalKey": 0
    },
    {
      "Location": {
        "X": 6,
        "Y": 11
      },
      "AreaID": 1003,
      "PortalKey": 0
    },
    {
      "Location": {
        "X": 11,
        "Y": 3
      },
      "AreaID": 1003,
      "PortalKey": 0
    },
    {
      "Location": {
        "X": 11,
        "Y": 2
      },
      "AreaID": 1003,
      "PortalKey": 0
    }
  ],
  "To": {
    "Location": {
      "X": 27,
      "Y": 45
    },
    "AreaID": 1001,
    "PortalKey": 0
  },
  "WarpType": 0,
  "ActivationMapId": 1003,
  "Name": "Map Warp from 1003 to 1001"
}