{
  "LevelRequired": 3,
  "WarpRadius": 0,
  "Activations": [
    {
      "Location": {
        "X": 7,
        "Y": 14
      },
      "AreaID": 1011,
      "PortalKey": 0
    },
    {
      "Location": {
        "X": 8,
        "Y": 14
      },
      "AreaID": 1011,
      "PortalKey": 0
    }
  ],
  "To": {
    "Location": {
      "X": 12,
      "Y": 2
    },
    "AreaID": 1012,
    "PortalKey": 0
  },
  "WarpType": 0,
  "ActivationMapId": 1011,
  "Name": "Map Warp from 1011 to 1012"
}