{
  "$type": "Darkages.Types.SpellTemplate, Darkages.Server",
  "Icon": 24,
  "MaxLevel": 100,
  "ScriptKey": "ao puinsein",
  "MinLines": 0,
  "MaxLines": 2,
  "ManaCost": 30,
  "Text": "\u0000",
  "Debuff": null,
  "Buff": null,
  "TargetType": 2,
  "BaseLines": 1,
  "LevelRate": 0.2,
  "Sound": 8,
  "Animation": 279,
  "DamageExponent": 0.0,
  "Pane": 1,
  "ElementalProperty": 0,
  "Prerequisites": {
    "$type": "Darkages.Types.LearningPredicate, Darkages.Server",
    "Quests_Completed_Required": {
      "$type": "System.Collections.Generic.List`1[[System.String, mscorlib]], mscorlib",
      "$values": []
    },
    "Areas_Visited_Required": {
      "$type": "System.Collections.Generic.List`1[[System.UInt16, mscorlib]], mscorlib",
      "$values": []
    },
    "Items_Required": {
      "$type": "System.Collections.Generic.List`1[[Darkages.Types.ItemPredicate, Darkages.Server]], mscorlib",
      "$values": []
    },
    "Stage_Required": 0,
    "Class_Required": 4,
    "ExpLevel_Required": 12,
    "Str_Required": 0,
    "Int_Required": 15,
    "Wis_Required": 8,
    "Dex_Required": 0,
    "Con_Required": 0,
    "Gold_Required": 5000,
    "Skill_Required": null,
    "Skill_Level_Required": 0,
    "Skill_Tier_Required": 0,
    "Spell_Required": null,
    "Spell_Level_Required": 0,
    "Spell_Tier_Required": 0
  },
  "NpcKey": "etaen",
  "TierLevel": 9,
  "Description": "Remove poison from a target, Instantly.",
  "TargetAnimation": 0,
  "Name": "ao puinsein"
}