{
  "$type": "Darkages.Types.SpellTemplate, Darkages.Server",
  "Icon": 84,
  "MaxLevel": 100,
  "ScriptKey": "ard cradh",
  "MinLines": 1,
  "MaxLines": 9,
  "ManaCost": 290,
  "Text": "",
  "Debuff": null,
  "Buff": null,
  "TargetType": 2,
  "BaseLines": 3,
  "LevelRate": 0.3,
  "Sound": 0,
  "Animation": 0,
  "DamageExponent": 0.0,
  "Pane": 0,
  "ElementalProperty": 0,
  "Prerequisites": {
    "$type": "Darkages.Types.LearningPredicate, Darkages.Server",
    "Quests_Completed_Required": {
      "$type": "System.Collections.Generic.List`1[[System.String, mscorlib]], mscorlib",
      "$values": []
    },
    "Areas_Visited_Required": {
      "$type": "System.Collections.Generic.List`1[[System.UInt16, mscorlib]], mscorlib",
      "$values": []
    },
    "Items_Required": {
      "$type": "System.Collections.Generic.List`1[[Darkages.Types.ItemPredicate, Darkages.Server]], mscorlib",
      "$values": [
        {
          "$type": "Darkages.Types.ItemPredicate, Darkages.Server",
          "Item": "Holy Diana",
          "AmountRequired": 3
        },
        {
          "$type": "Darkages.Types.ItemPredicate, Darkages.Server",
          "Item": "Dark Bone Necklace",
          "AmountRequired": 3
        }
      ]
    },
    "Stage_Required": 0,
    "Class_Required": 4,
    "ExpLevel_Required": 96,
    "Str_Required": 13,
    "Int_Required": 109,
    "Wis_Required": 89,
    "Dex_Required": 0,
    "Con_Required": 0,
    "Gold_Required": 500000,
    "Skill_Required": null,
    "Skill_Level_Required": 0,
    "Skill_Tier_Required": 0,
    "Spell_Required": "mor cradh",
    "Spell_Level_Required": 100,
    "Spell_Tier_Required": 1
  },
  "NpcKey": "Dar",
  "TierLevel": 0,
  "Description": "Bind a great curse onto that an unwilling target.",
  "TargetAnimation": 0,
  "Name": "ard cradh"
}