{
  "$type": "Darkages.Types.SpellTemplate, Darkages.Server",
  "Icon": 40,
  "MaxLevel": 100,
  "ScriptKey": "Generic Elemental Single",
  "MinLines": 0,
  "MaxLines": 9,
  "ManaCost": 5,
  "Text": "\u0000",
  "Debuff": null,
  "Buff": null,
  "TargetType": 2,
  "BaseLines": 1,
  "LevelRate": 0.1,
  "Sound": 79,
  "Animation": 12,
  "DamageExponent": 5.0,
  "Pane": 0,
  "ElementalProperty": 1,
  "Prerequisites": null,
  "NpcKey": null,
  "TierLevel": 0,
  "Name": "beag srad"
}