{
  "$type": "Darkages.Types.SpellTemplate, Darkages.Server",
  "Icon": 152,
  "MaxLevel": 0,
  "ScriptKey": "Create",
  "MinLines": 0,
  "MaxLines": 0,
  "ManaCost": 0,
  "Text": "Enter Item Name ->",
  "Debuff": null,
  "Buff": null,
  "TargetType": 1,
  "BaseLines": 0,
  "LevelRate": 0.0,
  "Sound": 0,
  "Animation": 0,
  "DamageExponent": 0.0,
  "Pane": 3,
  "ElementalProperty": 0,
  "Prerequisites": null,
  "NpcKey": null,
  "TierLevel": 0,
  "Description": null,
  "TargetAnimation": 0,
  "Name": "Create Item"
}