{
  "$type": "Darkages.Types.SpellTemplate, Darkages.Server",
  "Icon": 179,
  "MaxLevel": 100,
  "ScriptKey": "deo saighead lamh",
  "MinLines": 0,
  "MaxLines": 9,
  "ManaCost": 30,
  "Text": "\u0000",
  "Debuff": null,
  "Buff": null,
  "TargetType": 5,
  "BaseLines": 0,
  "LevelRate": 0.02,
  "Sound": 26,
  "Animation": 128,
  "DamageExponent": 7.0,
  "Pane": 1,
  "ElementalProperty": 5,
  "Prerequisites": {
    "$type": "Darkages.Types.LearningPredicate, Darkages.Server",
    "Quests_Completed_Required": {
      "$type": "System.Collections.Generic.List`1[[System.String, mscorlib]], mscorlib",
      "$values": []
    },
    "Areas_Visited_Required": {
      "$type": "System.Collections.Generic.List`1[[System.UInt16, mscorlib]], mscorlib",
      "$values": []
    },
    "Items_Required": {
      "$type": "System.Collections.Generic.List`1[[Darkages.Types.ItemPredicate, Darkages.Server]], mscorlib",
      "$values": []
    },
    "Stage_Required": 0,
    "Class_Required": 4,
    "ExpLevel_Required": 14,
    "Str_Required": 0,
    "Int_Required": 30,
    "Wis_Required": 15,
    "Dex_Required": 0,
    "Con_Required": 0,
    "Gold_Required": 0,
    "Skill_Required": null,
    "Skill_Level_Required": 0,
    "Skill_Tier_Required": 0,
    "Spell_Required": "deo saighead",
    "Spell_Level_Required": 100,
    "Spell_Tier_Required": 0
  },
  "NpcKey": "High Priest",
  "TierLevel": 8,
  "Description": null,
  "TargetAnimation": 0,
  "Name": "deo saighead lamh"
}