{
  "$type": "Darkages.Types.SpellTemplate, Darkages.Server",
  "Icon": 71,
  "MaxLevel": 100,
  "ScriptKey": "Generic Elemental Single",
  "MinLines": 1,
  "MaxLines": 9,
  "ManaCost": 250,
  "Text": "\u0000",
  "Debuff": null,
  "Buff": null,
  "TargetType": 2,
  "BaseLines": 2,
  "LevelRate": 0.06,
  "Sound": 26,
  "Animation": 23,
  "DamageExponent": 15.0,
  "Pane": 0,
  "ElementalProperty": 5,
  "Prerequisites": {
    "$type": "Darkages.Types.LearningPredicate, Darkages.Server",
    "Quests_Completed_Required": {
      "$type": "System.Collections.Generic.List`1[[System.String, mscorlib]], mscorlib",
      "$values": []
    },
    "Areas_Visited_Required": {
      "$type": "System.Collections.Generic.List`1[[System.UInt16, mscorlib]], mscorlib",
      "$values": []
    },
    "Items_Required": {
      "$type": "System.Collections.Generic.List`1[[Darkages.Types.ItemPredicate, Darkages.Server]], mscorlib",
      "$values": []
    },
    "Stage_Required": 0,
    "Class_Required": 4,
    "ExpLevel_Required": 16,
    "Str_Required": 0,
    "Int_Required": 21,
    "Wis_Required": 9,
    "Dex_Required": 0,
    "Con_Required": 0,
    "Gold_Required": 2500,
    "Skill_Required": null,
    "Skill_Level_Required": 0,
    "Skill_Tier_Required": 0,
    "Spell_Required": null,
    "Spell_Level_Required": 0,
    "Spell_Tier_Required": 0
  },
  "NpcKey": "etaen",
  "TierLevel": 0,
  "Description": "Attack a single target using the power of light.",
  "TargetAnimation": 0,
  "Name": "deo saighead"
}