{
  "$type": "Darkages.Types.SpellTemplate, Darkages.Server",
  "Icon": 53,
  "MaxLevel": 100,
  "ScriptKey": "dion",
  "MinLines": 0,
  "MaxLines": 9,
  "ManaCost": 6,
  "Text": "\u0000",
  "Debuff": null,
  "Buff": {
    "$type": "Darkages.Storage.locales.Buffs.buff_dion, Darkages.Server",
    "Name": "dion",
    "Length": 4,
    "Icon": 53,
    "value": 0,
    "Cancelled": false,
    "Timer": {
      "$type": "Darkages.Network.Game.GameServerTimer, Darkages.Server",
      "Timer": "00:00:00",
      "Delay": "00:00:01",
      "Elapsed": false,
      "Disabled": false,
      "Interval": 0,
      "Tick": 0
    }
  },
  "TargetType": 5,
  "BaseLines": 0,
  "LevelRate": 0.9,
  "Sound": 0,
  "Animation": 0,
  "DamageExponent": 0.0,
  "Pane": 0,
  "ElementalProperty": 0,
  "Prerequisites": {
    "$type": "Darkages.Types.LearningPredicate, Darkages.Server",
    "Quests_Completed_Required": {
      "$type": "System.Collections.Generic.List`1[[System.String, mscorlib]], mscorlib",
      "$values": []
    },
    "Areas_Visited_Required": {
      "$type": "System.Collections.Generic.List`1[[System.UInt16, mscorlib]], mscorlib",
      "$values": []
    },
    "Items_Required": {
      "$type": "System.Collections.Generic.List`1[[Darkages.Types.ItemPredicate, Darkages.Server]], mscorlib",
      "$values": []
    },
    "Stage_Required": 0,
    "Class_Required": 5,
    "ExpLevel_Required": 11,
    "Str_Required": 0,
    "Int_Required": 25,
    "Wis_Required": 8,
    "Dex_Required": 0,
    "Con_Required": 0,
    "Gold_Required": 5000,
    "Skill_Required": null,
    "Skill_Level_Required": 0,
    "Skill_Tier_Required": 0,
    "Spell_Required": null,
    "Spell_Level_Required": 0,
    "Spell_Tier_Required": 0
  },
  "NpcKey": "etaen",
  "TierLevel": 0,
  "Description": "Makes the player immune to all physical and magical damage for a short duration.",
  "TargetAnimation": 0,
  "Name": "dion"
}