{
  "$type": "Darkages.Types.SpellTemplate, Darkages.Server",
  "Icon": 26,
  "MaxLevel": 100,
  "ScriptKey": "fas spiorad",
  "MinLines": 1,
  "MaxLines": 9,
  "ManaCost": 0,
  "Text": "\u0000",
  "Debuff": {
    "$type": "Darkages.Storage.locales.debuffs.debuff_fasspoirad, Darkages.Server",
    "Name": "fas spiorad",
    "Icon": 26,
    "Length": 2,
    "AcModifer": {
      "$type": "Darkages.Types.StatusOperator, Darkages.Server",
      "Option": 1,
      "Value": 50
    },
    "Cancelled": false,
    "Timer": {
      "$type": "Darkages.Network.Game.GameServerTimer, Darkages.Server",
      "Timer": "00:00:00",
      "Delay": "00:00:01",
      "Elapsed": false,
      "Disabled": false,
      "Interval": 0,
      "Tick": 0
    }
  },
  "Buff": null,
  "TargetType": 5,
  "BaseLines": 9,
  "LevelRate": 0.0,
  "Sound": 8,
  "Animation": 1,
  "DamageExponent": 0.0,
  "Pane": 1,
  "ElementalProperty": 0,
  "Prerequisites": {
    "$type": "Darkages.Types.LearningPredicate, Darkages.Server",
    "Quests_Completed_Required": {
      "$type": "System.Collections.Generic.List`1[[System.String, mscorlib]], mscorlib",
      "$values": []
    },
    "Areas_Visited_Required": {
      "$type": "System.Collections.Generic.List`1[[System.UInt16, mscorlib]], mscorlib",
      "$values": []
    },
    "Items_Required": {
      "$type": "System.Collections.Generic.List`1[[Darkages.Types.ItemPredicate, Darkages.Server]], mscorlib",
      "$values": []
    },
    "Stage_Required": 1,
    "Class_Required": 3,
    "ExpLevel_Required": 99,
    "Str_Required": 3,
    "Int_Required": 3,
    "Wis_Required": 3,
    "Dex_Required": 3,
    "Con_Required": 3,
    "Gold_Required": 0,
    "Skill_Required": null,
    "Skill_Level_Required": 0,
    "Skill_Tier_Required": 0,
    "Spell_Required": null,
    "Spell_Level_Required": 0,
    "Spell_Tier_Required": 0
  },
  "NpcKey": "Dar",
  "TierLevel": 9,
  "Description": "Deals 1/3 of mana in damage to the player and restores 100% mana.",
  "TargetAnimation": 0,
  "Name": "fas spiorad"
}