{
  "$type": "Darkages.Types.SpellTemplate, Darkages.Server",
  "Icon": 46,
  "MaxLevel": 100,
  "ScriptKey": "Generic Elemental Single",
  "MinLines": 0,
  "MaxLines": 9,
  "ManaCost": 50,
  "Text": "\u0000",
  "Debuff": null,
  "Buff": null,
  "TargetType": 2,
  "BaseLines": 1,
  "LevelRate": 0.1,
  "Sound": 79,
  "Animation": 9,
  "DamageExponent": 15.0,
  "Pane": 0,
  "ElementalProperty": 2,
  "Prerequisites": {
    "$type": "Darkages.Types.LearningPredicate, Darkages.Server",
    "Quests_Completed_Required": {
      "$type": "System.Collections.Generic.List`1[[System.String, mscorlib]], mscorlib",
      "$values": []
    },
    "Areas_Visited_Required": {
      "$type": "System.Collections.Generic.List`1[[System.UInt16, mscorlib]], mscorlib",
      "$values": []
    },
    "Items_Required": {
      "$type": "System.Collections.Generic.List`1[[Darkages.Types.ItemPredicate, Darkages.Server]], mscorlib",
      "$values": [
        {
          "$type": "Darkages.Types.ItemPredicate, Darkages.Server",
          "Item": "Viper's Gland",
          "AmountRequired": 1
        },
        {
          "$type": "Darkages.Types.ItemPredicate, Darkages.Server",
          "Item": "Bee's Honey",
          "AmountRequired": 1
        }
      ]
    },
    "Stage_Required": 0,
    "Class_Required": 3,
    "ExpLevel_Required": 6,
    "Str_Required": 0,
    "Int_Required": 8,
    "Wis_Required": 7,
    "Dex_Required": 0,
    "Con_Required": 0,
    "Gold_Required": 3000,
    "Skill_Required": null,
    "Skill_Level_Required": 0,
    "Skill_Tier_Required": 0,
    "Spell_Required": "beag sal",
    "Spell_Level_Required": 70,
    "Spell_Tier_Required": 1
  },
  "NpcKey": "Dar",
  "TierLevel": 0,
  "Description": null,
  "TargetAnimation": 0,
  "Name": "sal"
}