{
  "$type": "Darkages.ServerConstants, Darkages.Server",
  "AssailsCancelSpells": true,
  "AutoLootPickupDistance": 2,
  "BadRequestMessage": "(Invalid Request)",
  "BaseAC": 70,
  "MinAC": -70,
  "MaxAC": 127,
  "BaseMR": 70,
  "BaseStatAttribute": 3,
  "BufferSize": 33170,
  "CancelCastingWhenWalking": true,
  "CantCarryMoreMsg": "You can't carry more.",
  "CantDoThat": "You can't do that.",
  "CantDropItemMsg": "You can't drop that.",
  "CantEquipThatMessage": "You can't use that.",
  "CantUseThat": "You can't use that.",
  "ChantPrefix": "*",
  "ChantSuffix": "*",
  "ClickLootDistance": 3,
  "ConAddedMessage": "You become more fit.",
  "ConnectionCapacity": 2048,
  "DayTimeInterval": 30.0,
  "DeathFreeLevelCap": 11,
  "DeathHPPenalty": 50,
  "DeathMap": 88888,
  "DebugMode": true,
  "DefaultItemColor": 13,
  "DefaultItemDurability": 1000,
  "DefaultItemValue": 500,
  "DefaultKey": "73F2BE80DDEB1BFDC887AB1C3CA18365",
  "DexAddedMessage": "You feel more flexible.",
  "DoesNotFitMessage": "That does not fit you.",
  "DontTurnDuringRefresh": false,
  "DropDecayInSeconds": 120.0,
  "ERRORCAP": 5,
  "GlobalBaseSkillDelay": 650.0,
  "GlobalSpawnTimer": 1000.0,
  "GroupRequestDeclinedMsg": "noname does not wish to join your group.",
  "HandShakeMessage": "CAN WE ALL GET ALONG\n",
  "HealoutTolerance": 200.0,
  "HelperMenuId": -1,
  "HelperMenuTemplateKey": "Lorule Helper",
  "IntAddedMessage": "Your mind expands.",
  "LevelUpMessage": "You have reached level {0}",
  "LimitWalkingWhenRefreshing": false,
  "LingerState": 1000.0,
  "LOGIN_PORT": 2610,
  "LogRecvPackets": false,
  "LogSentPackets": false,
  "LootSingleMode": true,
  "MaxCarryGold": 100000000,
  "MessageClearInterval": 12.0,
  "MinimumHp": 50,
  "MonsterDamageFactor": 3.58,
  "MonsterDamageMultipler": 4,
  "MonsterDeathAnimationNumber": 350,
  "MonsterSkillSuccessRate": 40,
  "MonsterSpellSuccessRate": 30,
  "MundaneRespawnInterval": 2.0,
  "NotEnoughGoldToDropMsg": "You wish you had that much.",
  "ObjectGarbageCollectorInterval": 1200.0,
  "ObjectHandlerInterval": 1.0,
  "PingInterval": 10.0,
  "RefreshOnWalkCollision": true,
  "RefreshRate": 1000,
  "RegenRate": 7000,
  "SaveRate": 25.0,
  "SERVER_PORT": 2615,
  "SERVER_TITLE": "Lorule Dark ages Server - Accepting Clients Version 7.18",
  "ServerTablePath": "server.tbl",
  "ServerWelcomeMessage": "Welcome to Lorule, If you need help, Please use The [F1] menu.",
  "ShowMonsterDeathAnimation": false,
  "StartingMap": 100,
  "StartingPosition": {
    "$type": "Darkages.Types.Position, Darkages.Server",
    "X": 5,
    "Y": 5
  },
  "StatCap": 255,
  "StrAddedMessage": "You become stronger.",
  "ToWeakToLift": "You are to weak to even lift it.",
  "TransFormAsParallel": true,
  "TransitionPointX": 3,
  "TransitionPointY": 3,
  "TransitionZone": 9999,
  "UseFastSqrtMethod": false,
  "UseIncrementalSerials": true,
  "UserDroppedGoldMsg": "noname has dropped some money nearby.",
  "Version": 718,
  "VeryNearByProximity": 4,
  "WarpAnimationNumber": 214,
  "WarpUpdateTimer": 1.5,
  "WeightIncreaseModifer": 3.5,
  "WisAddedMessage": "Your will increases.",
  "WithinRangeProximity": 11,
  "YouDroppedGoldMsg": "you dropped some gold.",
  "LootTableStackSize": 3,
  "HpGainFactor": 5,
  "MpGainFactor": 5,
  "StatsPerLevel": 2,
  "NoManaMessage": "Your will is too weak.",
  "FasNadurStrength": 3.0,
  "MorFasNadurStrength": 4.5,
  "CantAttack": "Can't Attack.",
  "TimeOutValue": 45,
  "PortalTimeOut": 10.0,
  "CancelWalkingIfRefreshing": true,
  "SkullLength": 10,
  "GroupExpBonus": 5.0,
  "PlayerLevelCap": 99
}