{
  "$type": "Darkages.Types.MonsterTemplate, Darkages.Server",
  "Drops": {
    "$type": "System.Collections.ObjectModel.Collection`1[[System.String, mscorlib]], mscorlib",
    "$values": [
      "Bat's Wing",
      "beag spiorad deum",
      "Fire Belt",
      "random"
    ]
  },
  "SpellScripts": {
    "$type": "System.Collections.ObjectModel.Collection`1[[System.String, mscorlib]], mscorlib",
    "$values": [
      "beag athar",
    ]
  },
  "Image": 16431,
  "ScriptName": "Common Monster",
  "DefinedX": 0,
  "DefinedY": 0,
  "LootType": 4,
  "MoodType": 2,
  "SpawnType": 2,
  "ElementType": 0,
  "PathQualifer": 1,
  "Level": 15,
  "MaximumHP": 0,
  "MaximumMP": 0,
  "AreaID": 429,
  "MovementSpeed": 850,
  "CastSpeed": 1000,
  "SpawnMax": 15,
  "SpawnRate": 5,
  "SpawnSize": 3,
  "AttackSpeed": 1000,
  "IgnoreCollision": false,
  "ImageVarience": 0,
  "SpawnOnlyOnActiveMaps": false,
  "Grow": false,
  "SpellScripts": null,
  "SkillScripts": null,
  "DefenseElement": 0,
  "OffenseElement": 0,
  "Waypoints": null,
  "UpdateMapWide": false,
  "FamilyKey": "Insect",
  "BaseName": "Spider",
  "EngagedWalkingSpeed": 300,
  "Name": "Bat",
  "Description": "A small bat that likes to lurk in the shadows, Will attack when threatened. And that's usually always.",
  "Group": null
}