{
  "$type": "Darkages.Types.ItemTemplate, Darkages.Server",
  "MiniScript": "user.ScrollTo(\"Lorule Arena\", 21, 36);",
  "ID": 0,
  "CanStack": true,
  "MaxStack": 100,
  "Image": 0x8006,
  "DisplayImage": 0x8006,
  "ScriptName": null,
  "Gender": 0,
  "HealthModifer": null,
  "ManaModifer": null,
  "StrModifer": null,
  "IntModifer": null,
  "WisModifer": null,
  "ConModifer": null,
  "DexModifer": null,
  "AcModifer": null,
  "MrModifer": null,
  "HitModifer": null,
  "DmgModifer": null,
  "SpellOperator": null,
  "OffenseElement": 0,
  "DefenseElement": 0,
  "CarryWeight": 0,
  "Flags": 2492,
  "MaxDurability": 0,
  "Value": 0,
  "EquipmentSlot": 0,
  "NpcKey": null,
  "Class": 0,
  "LevelRequired": 1,
  "DmgMin": 0,
  "DmgMax": 0,
  "DropRate": 0.91,
  "StageRequired": 0,
  "HasPants": false,
  "Color": 0,
  "WeaponScript": null,
  "Name": "Arena Scroll",
  "Description": null
}