{
  "$type": "Darkages.Types.ItemTemplate, Darkages.Server",
  "ID": 0,
  "CanStack": false,
  "MaxStack": 0,
  "Image": 13,
  "DisplayImage": 32940,
  "ScriptName": "Weapon",
  "Gender": 255,
  "HealthModifer": null,
  "ManaModifer": {
    "$type": "Darkages.Types.StatusOperator, Darkages.Server",
    "Option": 1,
    "Value": -2500
  },
  "StrModifer": null,
  "IntModifer": {
    "$type": "Darkages.Types.StatusOperator, Darkages.Server",
    "Option": 1,
    "Value": -1
  },
  "WisModifer": {
    "$type": "Darkages.Types.StatusOperator, Darkages.Server",
    "Option": 1,
    "Value": -1
  },
  "ConModifer": null,
  "DexModifer": null,
  "AcModifer": null,
  "MrModifer": null,
  "HitModifer": {
    "$type": "Darkages.Types.StatusOperator, Darkages.Server",
    "Option": 1,
    "Value": 0
  },
  "DmgModifer": {
    "$type": "Darkages.Types.StatusOperator, Darkages.Server",
    "Option": 1,
    "Value": 0
  },
  "SpellOperator": null,
  "OffenseElement": 0,
  "DefenseElement": 0,
  "CarryWeight": 18,
  "Flags": 4221,
  "MaxDurability": 16000,
  "Value": 8800,
  "EquipmentSlot": 1,
  "NpcKey": "Arms Dealer",
  "Class": 0,
  "LevelRequired": 45,
  "DmgMin": 34,
  "DmgMax": 60,
  "DropRate": 0.3,
  "StageRequired": 0,
  "HasPants": false,
  "Color": 0,
  "Name": "Black Death"
}