{
  "$type": "Darkages.Types.ItemTemplate, Darkages.Server",
  "MiniScript": null,
  "ID": 0,
  "CanStack": false,
  "MaxStack": 0,
  "Image": 218,
  "DisplayImage": 40809,
  "ScriptName": "Weapon",
  "Gender": 255,
  "HealthModifer": null,
  "ManaModifer": null,
  "StrModifer": null,
  "IntModifer": null,
  "WisModifer": null,
  "ConModifer": null,
  "DexModifer": null,
  "AcModifer": null,
  "MrModifer": null,
  "HitModifer": {
    "$type": "Darkages.Types.StatusOperator, Darkages.Server",
    "Option": 1,
    "Value": 0
  },
  "DmgModifer": {
    "$type": "Darkages.Types.StatusOperator, Darkages.Server",
    "Option": 1,
    "Value": 0
  },
  "SpellOperator": null,
  "OffenseElement": 0,
  "DefenseElement": 0,
  "CarryWeight": 1,
  "Flags": 4221,
  "MaxDurability": 0,
  "Value": 0,
  "EquipmentSlot": 1,
  "NpcKey": "Arms Dealer",
  "Class": 0,
  "LevelRequired": 0,
  "DmgMin": 0,
  "DmgMax": 0,
  "DropRate": 1.0,
  "StageRequired": 0,
  "HasPants": false,
  "Color": 0,
  "WeaponScript": null,
  "Name": "Blonde Doll",
  "Description": null,
  "Group": null
}