{
  "$type": "Darkages.Types.ItemTemplate, Darkages.Server",
  "ID": 3,
  "CanStack": false,
  "MaxStack": 0,
  "Image": 201,
  "DisplayImage": 32969,
  "ScriptName": "Necklace",
  "Gender": 255,
  "HealthModifer": null,
  "ManaModifer": null,
  "StrModifer": null,
  "IntModifer": null,
  "WisModifer": null,
  "ConModifer": null,
  "DexModifer": null,
  "AcModifer": null,
  "MrModifer": null,
  "HitModifer": null,
  "DmgModifer": null,
  "SpellOperator": null,
  "OffenseElement": 6,
  "DefenseElement": 0,
  "CarryWeight": 1,
  "Flags": 1117,
  "MaxDurability": 3000,
  "Value": 10000,
  "EquipmentSlot": 6,
  "NpcKey": null,
  "Class": 0,
  "LevelRequired": 6,
  "DmgMin": 0,
  "DmgMax": 0,
  "DropRate": 5.0,
  "StageRequired": 0,
  "HasPants": false,
  "Color": 0,
  "Name": "Dark Bone Necklace"
}