{
  "$type": "Darkages.Types.ItemTemplate, Darkages.Server",
  "ID": 0,
  "CanStack": false,
  "MaxStack": 0,
  "Image": 117,
  "DisplayImage": 34188,
  "ScriptName": "Weapon",
  "Gender": 255,
  "HealthModifer": null,
  "ManaModifer": {
    "$type": "Darkages.Types.StatusOperator, Darkages.Server",
    "Option": 0,
    "Value": 1000
  },
  "StrModifer": {
    "$type": "Darkages.Types.StatusOperator, Darkages.Server",
    "Option": 0,
    "Value": 4
  },
  "IntModifer": null,
  "WisModifer": null,
  "ConModifer": null,
  "DexModifer": null,
  "AcModifer": null,
  "MrModifer": null,
  "HitModifer": {
    "$type": "Darkages.Types.StatusOperator, Darkages.Server",
    "Option": 0,
    "Value": 0
  },
  "DmgModifer": {
    "$type": "Darkages.Types.StatusOperator, Darkages.Server",
    "Option": 0,
    "Value": 0
  },
  "SpellOperator": null,
  "OffenseElement": 0,
  "DefenseElement": 0,
  "CarryWeight": 8,
  "Flags": 4221,
  "MaxDurability": 500000,
  "Value": 100000,
  "EquipmentSlot": 1,
  "NpcKey": "Arms Dealer",
  "Class": 5,
  "LevelRequired": 99,
  "DmgMin": 854,
  "DmgMax": 1104,
  "DropRate": 1.0,
  "StageRequired": 1,
  "HasPants": false,
  "Color": 0,
  "Name": "Enchanted Kalkuri"
}