{
  "$type": "Darkages.Types.ItemTemplate, Darkages.Server",
  "MiniScript": null,
  "ID": 0,
  "CanStack": false,
  "MaxStack": 0,
  "Image": 7,
  "DisplayImage": 32870,
  "ScriptName": "Armor",
  "Gender": 1,
  "HealthModifer": null,
  "ManaModifer": null,
  "StrModifer": null,
  "IntModifer": null,
  "WisModifer": null,
  "ConModifer": null,
  "DexModifer": null,
  "AcModifer": {
    "$type": "Darkages.Types.StatusOperator, Darkages.Server",
    "Option": 1,
    "Value": 17
  },
  "MrModifer": null,
  "HitModifer": null,
  "DmgModifer": null,
  "SpellOperator": null,
  "OffenseElement": 0,
  "DefenseElement": 0,
  "CarryWeight": 0,
  "Flags": 125,
  "MaxDurability": 6000,
  "Value": 9450,
  "EquipmentSlot": 2,
  "NpcKey": "Mr Kelly",
  "Class": 1,
  "LevelRequired": 11,
  "DmgMin": 0,
  "DmgMax": 0,
  "DropRate": 0.0,
  "StageRequired": 0,
  "HasPants": true,
  "Color": 0,
  "WeaponScript": null,
  "Name": "Jupe",
  "Description": null,
  "Group": null
}