{
  "$type": "Darkages.Types.ItemTemplate, Darkages.Server",
  "ID": 0,
  "CanStack": false,
  "MaxStack": 0,
  "Image": 238,
  "DisplayImage": 33006,
  "ScriptName": "Generic",
  "Gender": 255,
  "HealthModifer": null,
  "ManaModifer": {
    "$type": "Darkages.Types.StatusOperator, Darkages.Server",
    "Option": 1,
    "Value": 500
  },
  "StrModifer": null,
  "IntModifer": null,
  "WisModifer": null,
  "ConModifer": null,
  "DexModifer": null,
  "AcModifer": {
    "$type": "Darkages.Types.StatusOperator, Darkages.Server",
    "Option": 1,
    "Value": 2
  },
  "MrModifer": null,
  "HitModifer": null,
  "DmgModifer": null,
  "SpellOperator": null,
  "OffenseElement": 0,
  "DefenseElement": 0,
  "CarryWeight": 1,
  "Flags": 4189,
  "MaxDurability": 3000,
  "Value": 4000,
  "EquipmentSlot": 12,
  "NpcKey": "Scroll Merchant",
  "Class": 0,
  "LevelRequired": 6,
  "DmgMin": 0,
  "DmgMax": 0,
  "DropRate": 17.0,
  "StageRequired": 0,
  "HasPants": false,
  "Color": 0,
  "Name": "Leather Greaves"
}