{
  "$type": "Darkages.Types.ItemTemplate, Darkages.Server",
  "ID": 0,
  "CanStack": false,
  "MaxStack": 0,
  "Image": 224,
  "DisplayImage": 32992,
  "ScriptName": "Generic",
  "Gender": 255,
  "HealthModifer": null,
  "ManaModifer": null,
  "StrModifer": null,
  "IntModifer": null,
  "WisModifer": null,
  "ConModifer": null,
  "DexModifer": null,
  "AcModifer": {
    "$type": "Darkages.Types.StatusOperator, Darkages.Server",
    "Option": 1,
    "Value": 1
  },
  "MrModifer": null,
  "HitModifer": null,
  "DmgModifer": null,
  "SpellOperator": null,
  "OffenseElement": 0,
  "DefenseElement": 0,
  "CarryWeight": 1,
  "Flags": 4189,
  "MaxDurability": 3000,
  "Value": 15000,
  "EquipmentSlot": 10,
  "NpcKey": "Scroll Merchant",
  "Class": 5,
  "LevelRequired": 9,
  "DmgMin": 0,
  "DmgMax": 0,
  "DropRate": 19.0,
  "StageRequired": 0,
  "HasPants": false,
  "Color": 0,
  "Name": "Leather Bracer"
}