{
  "$type": "Darkages.Types.ItemTemplate, Darkages.Server",
  "MiniScript": null,
  "ID": 0,
  "CanStack": false,
  "MaxStack": 0,
  "Image": 951,
  "DisplayImage": 33719,
  "ScriptName": "Necklace",
  "Gender": 255,
  "HealthModifer": null,
  "ManaModifer": null,
  "StrModifer": null,
  "IntModifer": null,
  "WisModifer": null,
  "ConModifer": null,
  "DexModifer": null,
  "AcModifer": null,
  "MrModifer": null,
  "HitModifer": null,
  "DmgModifer": null,
  "SpellOperator": null,
  "OffenseElement": 5,
  "DefenseElement": 0,
  "CarryWeight": 1,
  "Flags": 5213,
  "MaxDurability": 3000000,
  "Value": 100000000,
  "EquipmentSlot": 6,
  "NpcKey": null,
  "Class": 0,
  "LevelRequired": 1,
  "DmgMin": 0,
  "DmgMax": 0,
  "DropRate": 23.0,
  "StageRequired": 0,
  "HasPants": false,
  "Color": 0,
  "WeaponScript": null,
  "Name": "Light Coral Necklace",
  "Description": null,
  "Group": null
}