{
  "$type": "Darkages.Types.ItemTemplate, Darkages.Server",
  "ID": 0,
  "CanStack": false,
  "MaxStack": 0,
  "Image": 151,
  "DisplayImage": 35047,
  "ScriptName": "Weapon",
  "Gender": 255,
  "HealthModifer": null,
  "ManaModifer": null,
  "StrModifer": null,
  "IntModifer": null,
  "WisModifer": null,
  "ConModifer": null,
  "DexModifer": null,
  "AcModifer": null,
  "MrModifer": null,
  "HitModifer": null,
  "DmgModifer": null,
  "SpellOperator": {
    "$type": "Darkages.Types.SpellOperator, Darkages.Server",
    "Scope": 3,
    "Option": 0,
    "Value": 1,
    "MinValue": 1,
    "MaxValue": 9
  },
  "OffenseElement": 0,
  "DefenseElement": 0,
  "CarryWeight": 5,
  "Flags": 12413,
  "MaxDurability": 100000,
  "Value": 10000,
  "EquipmentSlot": 1,
  "NpcKey": null,
  "Class": 3,
  "LevelRequired": 1,
  "DmgMin": 0,
  "DmgMax": 0,
  "DropRate": 0.5,
  "StageRequired": 0,
  "HasPants": false,
  "Color": 37,
  "Name": "Orbital Wand"
}