{
  "$type": "Darkages.Types.ItemTemplate, Darkages.Server",
  "ID": 1,
  "CanStack": false,
  "MaxStack": 0,
  "Image": 1,
  "DisplayImage": 32864,
  "ScriptName": "Armor",
  "Gender": 1,
  "HealthModifer": null,
  "ManaModifer": null,
  "StrModifer": null,
  "IntModifer": null,
  "WisModifer": null,
  "ConModifer": null,
  "DexModifer": null,
  "AcModifer": {
    "$type": "Darkages.Types.StatusOperator, Darkages.Server",
    "Option": 1,
    "Value": 5
  },
  "MrModifer": null,
  "HitModifer": null,
  "DmgModifer": null,
  "SpellOperator": null,
  "OffenseElement": 0,
  "DefenseElement": 0,
  "CarryWeight": 1,
  "Flags": 77,
  "MaxDurability": 0,
  "Value": 100,
  "EquipmentSlot": 2,
  "NpcKey": "shop1",
  "Class": 0,
  "LevelRequired": 1,
  "DmgMin": 0,
  "DmgMax": 0,
  "DropRate": 30.0,
  "StageRequired": 0,
  "HasPants": true,
  "Color": 0,
  "Name": "Shirt"
}