{
  "$type": "Darkages.Types.ItemTemplate, Darkages.Server",
  "MiniScript": null,
  "ID": 0,
  "CanStack": false,
  "MaxStack": 0,
  "Image": 230,
  "DisplayImage": 32998,
  "ScriptName": "Earring",
  "Gender": 255,
  "HealthModifer": null,
  "ManaModifer": null,
  "StrModifer": {
    "$type": "Darkages.Types.StatusOperator, Darkages.Server",
    "Option": 0,
    "Value": 1
  },
  "IntModifer": null,
  "WisModifer": null,
  "ConModifer": null,
  "DexModifer": null,
  "AcModifer": null,
  "MrModifer": null,
  "HitModifer": null,
  "DmgModifer": null,
  "SpellOperator": null,
  "OffenseElement": 0,
  "DefenseElement": 0,
  "CarryWeight": 1,
  "Flags": 4189,
  "MaxDurability": 1000,
  "Value": 3000,
  "EquipmentSlot": 5,
  "NpcKey": "Scroll Merchant",
  "Class": 0,
  "LevelRequired": 8,
  "DmgMin": 0,
  "DmgMax": 0,
  "DropRate": 31.0,
  "StageRequired": 0,
  "HasPants": false,
  "Color": 0,
  "WeaponScript": null,
  "Name": "Silver Earrings",
  "Description": null,
  "Group": null
}