{
  "$type": "Darkages.Types.WarpTemplate, Darkages.Server",
  "LevelRequired": 3,
  "WarpRadius": 0,
  "Activations": {
    "$type": "System.Collections.Generic.List`1[[Darkages.Types.Warp, Darkages.Server]], mscorlib",
    "$values": [
      {
        "$type": "Darkages.Types.Warp, Darkages.Server",
        "Location": {
          "$type": "Darkages.Types.Position, Darkages.Server",
          "X": 17,
          "Y": 1
        },
        "AreaID": 152,
        "PortalKey": 0
      }
    ]
  },
  "To": {
    "$type": "Darkages.Types.Warp, Darkages.Server",
    "Location": {
      "$type": "Darkages.Types.Position, Darkages.Server",
      "X": 48,
      "Y": 9
    },
    "AreaID": 150,
    "PortalKey": 0
  },
  "WarpType": 0,
  "ActivationMapId": 152,
  "Name": "Lorule Crypt 1-1 Return"
}