{
  "LevelRequired": 1,
  "WarpRadius": 0,
  "Activations": [
    {
      "Location": {
        "X": 6,
        "Y": 14
      },
      "AreaID": 1005,
      "PortalKey": 0
    },
    {
      "Location": {
        "X": 7,
        "Y": 14
      },
      "AreaID": 1005,
      "PortalKey": 0
    }
  ],
  "To": {
    "Location": {
      "X": 42,
      "Y": 60
    },
    "AreaID": 1001,
    "PortalKey": 0
  },
  "WarpType": 0,
  "ActivationMapId": 1005,
  "Name": "Map Warp from 1005 to 1001"
}