{
  "LevelRequired": 3,
  "WarpRadius": 0,
  "Activations": [
    {
      "Location": {
        "X": 49,
        "Y": 17
      },
      "AreaID": 150,
      "PortalKey": 0
    },
    {
      "Location": {
        "X": 49,
        "Y": 16
      },
      "AreaID": 150,
      "PortalKey": 0
    }
  ],
  "To": {
    "Location": {
      "X": 4,
      "Y": 29
    },
    "AreaID": 7,
    "PortalKey": 0
  },
  "WarpType": 0,
  "ActivationMapId": 150,
  "Name": "Map Warp from 150 to 7"
}