{
  "LevelRequired": 9,
  "WarpRadius": 0,
  "Activations": [
    {
      "Location": {
        "X": 49,
        "Y": 16
      },
      "AreaID": 101,
      "PortalKey": 0
    },
    {
      "Location": {
        "X": 49,
        "Y": 15
      },
      "AreaID": 101,
      "PortalKey": 0
    }
  ],
  "To": {
    "Location": {
      "X": 110,
      "Y": 49
    },
    "AreaID": 1,
    "PortalKey": 0
  },
  "WarpType": 0,
  "ActivationMapId": 101,
  "Name": "Map Warp from 101 to 1"
}