{
  "LevelRequired": 6,
  "WarpRadius": 0,
  "Activations": [
    {
      "Location": {
        "X": 9,
        "Y": 0
      },
      "AreaID": 1000,
      "PortalKey": 0
    },
    {
      "Location": {
        "X": 10,
        "Y": 0
      },
      "AreaID": 1000,
      "PortalKey": 0
    }
  ],
  "To": {
    "Location": {
      "X": 47,
      "Y": 96
    },
    "AreaID": 1013,
    "PortalKey": 0
  },
  "WarpType": 0,
  "ActivationMapId": 1000,
  "Name": "Map Warp from 1000 to 1013"
}