{
  "LevelRequired": 3,
  "WarpRadius": 0,
  "Activations": [
    {
      "Location": {
        "X": 117,
        "Y": 50
      },
      "AreaID": 1,
      "PortalKey": 0
    },
    {
      "Location": {
        "X": 117,
        "Y": 49
      },
      "AreaID": 1,
      "PortalKey": 0
    },
    {
      "Location": {
        "X": 117,
        "Y": 48
      },
      "AreaID": 1,
      "PortalKey": 0
    }
  ],
  "To": {
    "Location": {
      "X": 47,
      "Y": 16
    },
    "AreaID": 101,
    "PortalKey": 0
  },
  "WarpType": 0,
  "ActivationMapId": 1,
  "Name": "Map Warp from 1 to 101"
}