{
  "LevelRequired": 1,
  "WarpRadius": 0,
  "Activations": [
    {
      "Location": {
        "X": 0,
        "Y": 6
      },
      "AreaID": 300,
      "PortalKey": 0
    },
    {
      "Location": {
        "X": 1,
        "Y": 6
      },
      "AreaID": 300,
      "PortalKey": 0
    },
    {
      "Location": {
        "X": 2,
        "Y": 6
      },
      "AreaID": 300,
      "PortalKey": 0
    },
    {
      "Location": {
        "X": 3,
        "Y": 6
      },
      "AreaID": 300,
      "PortalKey": 0
    },
    {
      "Location": {
        "X": 4,
        "Y": 6
      },
      "AreaID": 300,
      "PortalKey": 0
    },
    {
      "Location": {
        "X": 5,
        "Y": 6
      },
      "AreaID": 300,
      "PortalKey": 0
    },
    {
      "Location": {
        "X": 6,
        "Y": 6
      },
      "AreaID": 300,
      "PortalKey": 0
    }
  ],
  "To": {
    "Location": {
      "X": 11,
      "Y": 21
    },
    "AreaID": 301,
    "PortalKey": 0
  },
  "WarpType": 0,
  "ActivationMapId": 300,
  "Name": "Map Warp from 300 to 301"
}