{
  "LevelRequired": 1,
  "WarpRadius": 0,
  "Activations": [
    {
      "Location": {
        "X": 42,
        "Y": 58
      },
      "AreaID": 1001,
      "PortalKey": 0
    },
    {
      "Location": {
        "X": 43,
        "Y": 58
      },
      "AreaID": 1001,
      "PortalKey": 0
    }
  ],
  "To": {
    "Location": {
      "X": 6,
      "Y": 11
    },
    "AreaID": 1005,
    "PortalKey": 0
  },
  "WarpType": 0,
  "ActivationMapId": 1001,
  "Name": "Map Warp from 1001 to 1005"
}