{
  "LevelRequired": 6,
  "WarpRadius": 0,
  "Activations": [
    {
      "Location": {
        "X": 8,
        "Y": 19
      },
      "AreaID": 3,
      "PortalKey": 0
    },
    {
      "Location": {
        "X": 9,
        "Y": 19
      },
      "AreaID": 3,
      "PortalKey": 0
    },
    {
      "Location": {
        "X": 10,
        "Y": 19
      },
      "AreaID": 3,
      "PortalKey": 0
    }
  ],
  "To": {
    "Location": {
      "X": 12,
      "Y": 3
    },
    "AreaID": 2,
    "PortalKey": 0
  },
  "WarpType": 0,
  "ActivationMapId": 3,
  "Name": "Map Warp from 3 to 2"
}