{
  "LevelRequired": 1,
  "WarpRadius": 0,
  "Activations": [
    {
      "Location": {
        "X": 12,
        "Y": 24
      },
      "AreaID": 301,
      "PortalKey": 0
    },
    {
      "Location": {
        "X": 11,
        "Y": 24
      },
      "AreaID": 301,
      "PortalKey": 0
    }
  ],
  "To": {
    "Location": {
      "X": 3,
      "Y": 0
    },
    "AreaID": 300,
    "PortalKey": 0
  },
  "WarpType": 0,
  "ActivationMapId": 301,
  "Name": "Map Warp from 301 to 300"
}