{
  "LevelRequired": 1,
  "WarpRadius": 0,
  "Activations": [
    {
      "Location": {
        "X": 7,
        "Y": 5
      },
      "AreaID": 1006,
      "PortalKey": 0
    },
    {
      "Location": {
        "X": 7,
        "Y": 4
      },
      "AreaID": 1006,
      "PortalKey": 0
    }
  ],
  "To": {
    "Location": {
      "X": 3,
      "Y": 8
    },
    "AreaID": 1004,
    "PortalKey": 0
  },
  "WarpType": 0,
  "ActivationMapId": 1006,
  "Name": "Map Warp from 1006 to 1004"
}