{
  "LevelRequired": 6,
  "WarpRadius": 0,
  "Activations": [
    {
      "Location": {
        "X": 46,
        "Y": 99
      },
      "AreaID": 1013,
      "PortalKey": 0
    },
    {
      "Location": {
        "X": 47,
        "Y": 99
      },
      "AreaID": 1013,
      "PortalKey": 0
    },
    {
      "Location": {
        "X": 48,
        "Y": 99
      },
      "AreaID": 1013,
      "PortalKey": 0
    }
  ],
  "To": {
    "Location": {
      "X": 9,
      "Y": 2
    },
    "AreaID": 1000,
    "PortalKey": 0
  },
  "WarpType": 0,
  "ActivationMapId": 1013,
  "Name": "Map Warp from 1013 to 1000"
}