{
  "LevelRequired": 1,
  "WarpRadius": 0,
  "Activations": [
    {
      "Location": {
        "X": 11,
        "Y": 6
      },
      "AreaID": 1007,
      "PortalKey": 0
    },
    {
      "Location": {
        "X": 11,
        "Y": 5
      },
      "AreaID": 1007,
      "PortalKey": 0
    }
  ],
  "To": {
    "Location": {
      "X": 94,
      "Y": 12
    },
    "AreaID": 1001,
    "PortalKey": 0
  },
  "WarpType": 0,
  "ActivationMapId": 1007,
  "Name": "Map Warp from 1007 to 1001"
}