{
  "LevelRequired": 35,
  "WarpRadius": 0,
  "Activations": [
    {
      "Location": {
        "X": 17,
        "Y": 0
      },
      "AreaID": 301,
      "PortalKey": 0
    },
    {
      "Location": {
        "X": 18,
        "Y": 0
      },
      "AreaID": 301,
      "PortalKey": 0
    }
  ],
  "To": {
    "Location": {
      "X": 25,
      "Y": 46
    },
    "AreaID": 306,
    "PortalKey": 0
  },
  "WarpType": 0,
  "ActivationMapId": 301,
  "Name": "Map Warp from 301 to 306"
}