{
  "LevelRequired": 3,
  "WarpRadius": 0,
  "Activations": [
    {
      "Location": {
        "X": 25,
        "Y": 99
      },
      "AreaID": 303,
      "PortalKey": 0
    },
    {
      "Location": {
        "X": 26,
        "Y": 99
      },
      "AreaID": 303,
      "PortalKey": 0
    }
  ],
  "To": {
    "Location": {
      "X": 3,
      "Y": 2
    },
    "AreaID": 301,
    "PortalKey": 0
  },
  "WarpType": 0,
  "ActivationMapId": 303,
  "Name": "Map Warp from 303 to 301"
}