{
  "LevelRequired": 3,
  "WarpRadius": 0,
  "Activations": [
    {
      "Location": {
        "X": 67,
        "Y": 22
      },
      "AreaID": 1,
      "PortalKey": 0
    },
    {
      "Location": {
        "X": 68,
        "Y": 22
      },
      "AreaID": 1,
      "PortalKey": 0
    }
  ],
  "To": {
    "Location": {
      "X": 24,
      "Y": 15
    },
    "AreaID": 2,
    "PortalKey": 0
  },
  "WarpType": 0,
  "ActivationMapId": 1,
  "Name": "Map Warp from 1 to 2"
}