{
  "LevelRequired": 35,
  "WarpRadius": 0,
  "Activations": [
    {
      "Location": {
        "X": 25,
        "Y": 49
      },
      "AreaID": 306,
      "PortalKey": 0
    },
    {
      "Location": {
        "X": 26,
        "Y": 49
      },
      "AreaID": 306,
      "PortalKey": 0
    }
  ],
  "To": {
    "Location": {
      "X": 17,
      "Y": 2
    },
    "AreaID": 301,
    "PortalKey": 0
  },
  "WarpType": 0,
  "ActivationMapId": 306,
  "Name": "Map Warp from 306 to 301"
}