{
  "LevelRequired": 97,
  "WarpRadius": 0,
  "Activations": [
    {
      "Location": {
        "X": 7,
        "Y": 0
      },
      "AreaID": 1009,
      "PortalKey": 0
    },
    {
      "Location": {
        "X": 8,
        "Y": 0
      },
      "AreaID": 1009,
      "PortalKey": 0
    },
    {
      "Location": {
        "X": 9,
        "Y": 0
      },
      "AreaID": 1009,
      "PortalKey": 0
    },
    {
      "Location": {
        "X": 10,
        "Y": 0
      },
      "AreaID": 1009,
      "PortalKey": 0
    }
  ],
  "To": {
    "Location": {
      "X": 17,
      "Y": 33
    },
    "AreaID": 1010,
    "PortalKey": 0
  },
  "WarpType": 0,
  "ActivationMapId": 1009,
  "Name": "Map Warp from 1009 to 1010"
}