{
  "LevelRequired": 8,
  "WarpRadius": 0,
  "Activations": [
    {
      "Location": {
        "X": 8,
        "Y": 0
      },
      "AreaID": 301,
      "PortalKey": 0
    },
    {
      "Location": {
        "X": 9,
        "Y": 0
      },
      "AreaID": 301,
      "PortalKey": 0
    }
  ],
  "To": {
    "Location": {
      "X": 25,
      "Y": 97
    },
    "AreaID": 304,
    "PortalKey": 0
  },
  "WarpType": 0,
  "ActivationMapId": 301,
  "Name": "Map Warp from 301 to 304"
}