{
  "LevelRequired": 1,
  "WarpRadius": 0,
  "Activations": [
    {
      "Location": {
        "X": 23,
        "Y": 0
      },
      "AreaID": 307,
      "PortalKey": 0
    },
    {
      "Location": {
        "X": 24,
        "Y": 0
      },
      "AreaID": 307,
      "PortalKey": 0
    }
  ],
  "To": {
    "Location": {
      "X": 25,
      "Y": 46
    },
    "AreaID": 308,
    "PortalKey": 0
  },
  "WarpType": 0,
  "ActivationMapId": 307,
  "Name": "Map Warp from 307 to 308"
}