{
  "LevelRequired": 1,
  "WarpRadius": 0,
  "Activations": [
    {
      "Location": {
        "X": 13,
        "Y": 3
      },
      "AreaID": 1014,
      "PortalKey": 0
    },
    {
      "Location": {
        "X": 13,
        "Y": 4
      },
      "AreaID": 1014,
      "PortalKey": 0
    }
  ],
  "To": {
    "Location": {
      "X": 21,
      "Y": 22
    },
    "AreaID": 1001,
    "PortalKey": 0
  },
  "WarpType": 0,
  "ActivationMapId": 1014,
  "Name": "Map Warp from 1014 to 1001"
}