{
  "LevelRequired": 1,
  "WarpRadius": 0,
  "Activations": [
    {
      "Location": {
        "X": 25,
        "Y": 49
      },
      "AreaID": 308,
      "PortalKey": 0
    },
    {
      "Location": {
        "X": 26,
        "Y": 49
      },
      "AreaID": 308,
      "PortalKey": 0
    }
  ],
  "To": {
    "Location": {
      "X": 23,
      "Y": 2
    },
    "AreaID": 307,
    "PortalKey": 0
  },
  "WarpType": 0,
  "ActivationMapId": 308,
  "Name": "Map Warp from 308 to 307"
}