{
  "LevelRequired": 6,
  "WarpRadius": 0,
  "Activations": [
    {
      "Location": {
        "X": 12,
        "Y": 0
      },
      "AreaID": 2,
      "PortalKey": 0
    },
    {
      "Location": {
        "X": 13,
        "Y": 0
      },
      "AreaID": 2,
      "PortalKey": 0
    }
  ],
  "To": {
    "Location": {
      "X": 9,
      "Y": 14
    },
    "AreaID": 3,
    "PortalKey": 0
  },
  "WarpType": 0,
  "ActivationMapId": 2,
  "Name": "Map Warp from 2 to 3"
}