{
  "$type": "Darkages.Aisling, Darkages.Server",
  "MonsterKillCounters": {
    "$type": "System.Collections.Generic.Dictionary`2[[System.String, mscorlib],[System.Int32, mscorlib]], mscorlib"
  },
  "Reactions": {
    "$type": "System.Collections.Generic.Dictionary`2[[System.String, mscorlib],[System.DateTime, mscorlib]], mscorlib",
    "Example Reactor 2": "2018-06-06T12:53:33.6655838Z"
  },
  "rnd": {
    "$type": "System.Random, mscorlib"
  },
  "AcTable": {
    "$type": "System.Collections.Generic.Dictionary`2[[System.Int32, mscorlib],[System.Double, mscorlib]], mscorlib",
    "-70": -1.05,
    "-69": -1.035,
    "-68": -1.02,
    "-67": -1.005,
    "-66": -0.99,
    "-65": -0.975,
    "-64": -0.96,
    "-63": -0.945,
    "-62": -0.93,
    "-61": -0.915,
    "-60": -0.9,
    "-59": -0.885,
    "-58": -0.87,
    "-57": -0.855,
    "-56": -0.84,
    "-55": -0.825,
    "-54": -0.81,
    "-53": -0.795,
    "-52": -0.78,
    "-51": -0.765,
    "-50": -0.75,
    "-49": -0.735,
    "-48": -0.72,
    "-47": -0.705,
    "-46": -0.69,
    "-45": -0.675,
    "-44": -0.66,
    "-43": -0.645,
    "-42": -0.63,
    "-41": -0.615,
    "-40": -0.6,
    "-39": -0.585,
    "-38": -0.57,
    "-37": -0.555,
    "-36": -0.54,
    "-35": -0.525,
    "-34": -0.51,
    "-33": -0.495,
    "-32": -0.48,
    "-31": -0.465,
    "-30": -0.45,
    "-29": -0.435,
    "-28": -0.42,
    "-27": -0.405,
    "-26": -0.39,
    "-25": -0.375,
    "-24": -0.36,
    "-23": -0.345,
    "-22": -0.33,
    "-21": -0.315,
    "-20": -0.3,
    "-19": -0.285,
    "-18": -0.27,
    "-17": -0.255,
    "-16": -0.24,
    "-15": -0.225,
    "-14": -0.21,
    "-13": -0.195,
    "-12": -0.18,
    "-11": -0.165,
    "-10": -0.15,
    "-9": -0.135,
    "-8": -0.12,
    "-7": -0.105,
    "-6": -0.09,
    "-5": -0.075,
    "-4": -0.06,
    "-3": -0.045,
    "-2": -0.03,
    "-1": -0.015,
    "0": 0.0,
    "1": 0.015,
    "2": 0.03,
    "3": 0.045,
    "4": 0.06,
    "5": 0.075,
    "6": 0.09,
    "7": 0.105,
    "8": 0.12,
    "9": 0.135,
    "10": 0.15,
    "11": 0.165,
    "12": 0.18,
    "13": 0.195,
    "14": 0.21,
    "15": 0.225,
    "16": 0.24,
    "17": 0.255,
    "18": 0.27,
    "19": 0.285,
    "20": 0.3,
    "21": 0.315,
    "22": 0.33,
    "23": 0.345,
    "24": 0.36,
    "25": 0.375,
    "26": 0.39,
    "27": 0.405,
    "28": 0.42,
    "29": 0.435,
    "30": 0.45,
    "31": 0.465,
    "32": 0.48,
    "33": 0.495,
    "34": 0.51,
    "35": 0.525,
    "36": 0.54,
    "37": 0.555,
    "38": 0.57,
    "39": 0.585,
    "40": 0.6,
    "41": 0.615,
    "42": 0.63,
    "43": 0.645,
    "44": 0.66,
    "45": 0.675,
    "46": 0.69,
    "47": 0.705,
    "48": 0.72,
    "49": 0.735,
    "50": 0.75,
    "51": 0.765,
    "52": 0.78,
    "53": 0.795,
    "54": 0.81,
    "55": 0.825,
    "56": 0.84,
    "57": 0.855,
    "58": 0.87,
    "59": 0.885,
    "60": 0.9,
    "61": 0.915,
    "62": 0.93,
    "63": 0.945,
    "64": 0.96,
    "65": 0.975,
    "66": 0.99,
    "67": 3.005,
    "68": 3.02,
    "69": 3.035,
    "70": 3.05,
    "71": 3.065,
    "72": 3.08,
    "73": 3.095,
    "74": 3.11,
    "75": 3.125,
    "76": 3.14,
    "77": 3.155,
    "78": 3.17,
    "79": 3.185,
    "80": 3.2,
    "81": 3.215,
    "82": 3.23,
    "83": 3.245,
    "84": 3.26,
    "85": 3.275,
    "86": 3.29,
    "87": 3.305,
    "88": 3.32,
    "89": 3.335,
    "90": 3.35,
    "91": 3.365,
    "92": 3.38,
    "93": 3.395,
    "94": 3.41,
    "95": 3.425,
    "96": 3.44,
    "97": 3.455,
    "98": 3.47,
    "99": 3.485,
    "100": 5.5,
    "101": 5.515,
    "102": 5.53,
    "103": 5.545,
    "104": 5.56,
    "105": 5.575,
    "106": 5.59,
    "107": 5.605,
    "108": 5.62,
    "109": 5.635,
    "110": 5.65,
    "111": 5.665,
    "112": 5.68,
    "113": 5.695,
    "114": 5.71,
    "115": 5.725,
    "116": 5.74,
    "117": 5.755,
    "118": 5.77,
    "119": 5.785,
    "120": 5.8,
    "121": 5.815,
    "122": 5.83,
    "123": 5.845,
    "124": 5.86,
    "125": 5.875,
    "126": 5.89,
    "127": 5.905,
    "128": 5.92,
    "129": 5.935,
    "130": 5.95,
    "131": 5.965,
    "132": 5.98,
    "133": 5.995,
    "134": 5.01,
    "135": 5.025,
    "136": 5.04,
    "137": 5.055,
    "138": 5.07,
    "139": 5.085,
    "140": 5.1,
    "141": 5.115,
    "142": 5.13,
    "143": 5.145,
    "144": 5.16,
    "145": 5.175,
    "146": 5.19,
    "147": 5.205,
    "148": 5.22,
    "149": 5.235,
    "150": 5.25,
    "151": 5.265,
    "152": 5.28,
    "153": 5.295,
    "154": 5.31,
    "155": 5.325,
    "156": 5.34,
    "157": 5.355,
    "158": 5.37,
    "159": 5.385,
    "160": 5.4,
    "161": 5.415,
    "162": 5.43,
    "163": 5.445,
    "164": 5.46,
    "165": 5.475,
    "166": 5.49,
    "167": 5.505,
    "168": 5.52,
    "169": 5.535,
    "170": 5.55
  },
  "GameSettings": {
    "$type": "System.Collections.Generic.List`1[[Darkages.Types.ClientGameSettings, Darkages.Server]], mscorlib",
    "$values": [
      {
        "$type": "Darkages.Types.ClientGameSettings, Darkages.Server",
        "EnabledSettingStr": "Loot Mode  :Single",
        "DisabledSettingStr": "Loot Mode  :Multi",
        "Enabled": true
      },
      {
        "$type": "Darkages.Types.ClientGameSettings, Darkages.Server",
        "EnabledSettingStr": "PVP  :ON",
        "DisabledSettingStr": "PVP  :OFF",
        "Enabled": true
      },
      {
        "$type": "Darkages.Types.ClientGameSettings, Darkages.Server",
        "EnabledSettingStr": "AUTO LOOT GOLD  :OFF",
        "DisabledSettingStr": "AUTO LOOT GOLD  :ON",
        "Enabled": false
      }
    ]
  },
  "BankManager": {
    "$type": "Darkages.Types.Bank, Darkages.Server",
    "Items": {
      "$type": "System.Collections.Generic.Dictionary`2[[System.String, mscorlib],[System.Int32, mscorlib]], mscorlib"
    }
  },
  "CurrentWeight": 5,
  "Username": "hi",
  "Password": "hi",
  "AbpLevel": 0,
  "AbpTotal": 0,
  "AbpNext": 0,
  "ExpLevel": 2,
  "ExpTotal": 1001,
  "ExpNext": 3000,
  "Title": 0,
  "ClassID": 0,
  "GamePoints": 0,
  "GoldPoints": 1500,
  "StatPoints": 2,
  "BodyColor": 0,
  "BodyStyle": 0,
  "FaceColor": 0,
  "FaceStyle": 0,
  "HairColor": 0,
  "HairStyle": 12,
  "Boots": 0,
  "Helmet": 0,
  "Shield": 0,
  "Weapon": 0,
  "Armor": 1,
  "OverCoat": 0,
  "Pants": 0,
  "PictureData": {
    "$type": "System.Byte[], mscorlib",
    "$value": ""
  },
  "ProfileMessage": "",
  "LoggedIn": true,
  "Nation": 3,
  "Clan": "",
  "Resting": 0,
  "TutorialCompleted": false,
  "Blind": 0,
  "HeadAccessory1": 0,
  "HeadAccessory2": 0,
  "ClanTitle": "",
  "ClanRank": "",
  "BootColor": 0,
  "NameColor": 1,
  "Gender": 2,
  "Created": "2018-06-06T12:53:14.2880028Z",
  "LastLogged": "2018-06-06T12:53:19.1851249Z",
  "Flags": 0,
  "PartyStatus": 1,
  "Quests": {
    "$type": "System.Collections.Generic.List`1[[Darkages.Types.Quest, Darkages.Server]], mscorlib",
    "$values": [
      {
        "$type": "Darkages.Types.Quest, Darkages.Server",
        "ItemRewards": {
          "$type": "System.Collections.Generic.List`1[[System.String, mscorlib]], mscorlib",
          "$values": [
            "Blouse",
            "Small Emerald Ring",
            "Small Spinal Ring"
          ]
        },
        "LegendRewards": {
          "$type": "System.Collections.Generic.List`1[[Darkages.Types.Legend+LegendItem, Darkages.Server]], mscorlib",
          "$values": [
            {
              "$type": "Darkages.Types.Legend+LegendItem, Darkages.Server",
              "Icon": 0,
              "Color": 32,
              "Category": "Event",
              "Value": "A Spiritual Awakening"
            }
          ]
        },
        "QuestStages": {
          "$type": "System.Collections.Generic.List`1[[Darkages.Types.QuestStep`1[[Darkages.Types.Template, Darkages.Server]], Darkages.Server]], mscorlib",
          "$values": [
            {
              "$type": "Darkages.Types.QuestStep`1[[Darkages.Types.Template, Darkages.Server]], Darkages.Server",
              "Type": 0,
              "StepComplete": false,
              "AcceptedMessage": null,
              "RejectedMessage": null
            }
          ]
        },
        "SkillRewards": {
          "$type": "System.Collections.Generic.List`1[[System.String, mscorlib]], mscorlib",
          "$values": []
        },
        "SpellRewards": {
          "$type": "System.Collections.Generic.List`1[[System.String, mscorlib]], mscorlib",
          "$values": []
        },
        "ExpRewards": {
          "$type": "System.Collections.Generic.List`1[[System.UInt32, mscorlib]], mscorlib",
          "$values": []
        },
        "Name": "awakening",
        "Started": true,
        "Completed": true,
        "TimeStarted": "0001-01-01T00:00:00",
        "TimeCompleted": "2018-06-06T22:54:17.1922074+10:00",
        "GoldReward": 1000,
        "StageIndex": 0,
        "Rewarded": true
      },
      {
        "$type": "Darkages.Types.Quest, Darkages.Server",
        "ItemRewards": {
          "$type": "System.Collections.Generic.List`1[[System.String, mscorlib]], mscorlib",
          "$values": []
        },
        "LegendRewards": {
          "$type": "System.Collections.Generic.List`1[[Darkages.Types.Legend+LegendItem, Darkages.Server]], mscorlib",
          "$values": []
        },
        "QuestStages": {
          "$type": "System.Collections.Generic.List`1[[Darkages.Types.QuestStep`1[[Darkages.Types.Template, Darkages.Server]], Darkages.Server]], mscorlib",
          "$values": [
            {
              "$type": "Darkages.Types.QuestStep`1[[Darkages.Types.Template, Darkages.Server]], Darkages.Server",
              "Type": 255,
              "StepComplete": false,
              "AcceptedMessage": "Prepare.",
              "RejectedMessage": null
            }
          ]
        },
        "SkillRewards": {
          "$type": "System.Collections.Generic.List`1[[System.String, mscorlib]], mscorlib",
          "$values": []
        },
        "SpellRewards": {
          "$type": "System.Collections.Generic.List`1[[System.String, mscorlib]], mscorlib",
          "$values": []
        },
        "ExpRewards": {
          "$type": "System.Collections.Generic.List`1[[System.UInt32, mscorlib]], mscorlib",
          "$values": [
            500
          ]
        },
        "Name": "practice makes perfect",
        "Started": false,
        "Completed": false,
        "TimeStarted": "0001-01-01T00:00:00",
        "TimeCompleted": "0001-01-01T00:00:00",
        "GoldReward": 0,
        "StageIndex": 0,
        "Rewarded": false
      }
    ]
  },
  "Stage": 0,
  "Path": 0,
  "LegendBook": {
    "$type": "Darkages.Types.Legend, Darkages.Server",
    "LegendMarks": {
      "$type": "System.Collections.Generic.List`1[[Darkages.Types.Legend+LegendItem, Darkages.Server]], mscorlib",
      "$values": [
        {
          "$type": "Darkages.Types.Legend+LegendItem, Darkages.Server",
          "Icon": 7,
          "Color": 100,
          "Category": "Event",
          "Value": "Aisling Age of Aquarius"
        },
        {
          "$type": "Darkages.Types.Legend+LegendItem, Darkages.Server",
          "Icon": 0,
          "Color": 125,
          "Category": "Event",
          "Value": "Amongst the Exile."
        },
        {
          "$type": "Darkages.Types.Legend+LegendItem, Darkages.Server",
          "Icon": 0,
          "Color": 88,
          "Category": "Quest Reward",
          "Value": "What?"
        },
        {
          "$type": "Darkages.Types.Legend+LegendItem, Darkages.Server",
          "Icon": 0,
          "Color": 32,
          "Category": "Quest Reward",
          "Value": "A Spiritual Awakening"
        }
      ]
    }
  },
  "Display": 32,
  "SkillBook": {
    "$type": "Darkages.Types.SkillBook, Darkages.Server",
    "Skills": {
      "$type": "System.Collections.Generic.Dictionary`2[[System.Int32, mscorlib],[Darkages.Types.Skill, Darkages.Server]], mscorlib",
      "1": {
        "$type": "Darkages.Types.Skill, Darkages.Server",
        "Template": {
          "$type": "Darkages.Types.SkillTemplate, Darkages.Server",
          "ID": 1,
          "Icon": 1,
          "ScriptName": "Assail",
          "LevelRate": 0.01,
          "Cooldown": 0,
          "MaxLevel": 100,
          "MissAnimation": 0,
          "TargetAnimation": 0,
          "FailMessage": null,
          "Type": 0,
          "Pane": 1,
          "PostQualifers": 0,
          "Sound": 1,
          "Debuff": null,
          "Buff": null,
          "Prerequisites": null,
          "NpcKey": null,
          "TierLevel": 0,
          "Description": null,
          "Name": "Assail"
        },
        "Slot": 1,
        "Icon": 1,
        "Level": 1,
        "ID": 24853,
        "NextAvailableUse": "0001-01-01T00:00:00",
        "Ready": true,
        "InUse": false,
        "Uses": 0
      },
      "2": null,
      "3": null,
      "4": null,
      "5": null,
      "6": null,
      "7": null,
      "8": null,
      "9": null,
      "10": null,
      "11": null,
      "12": null,
      "13": null,
      "14": null,
      "15": null,
      "16": null,
      "17": null,
      "18": null,
      "19": null,
      "20": null,
      "21": null,
      "22": null,
      "23": null,
      "24": null,
      "25": null,
      "26": null,
      "27": null,
      "28": null,
      "29": null,
      "30": null,
      "31": null,
      "32": null,
      "33": null,
      "34": null,
      "35": null,
      "36": {
        "$type": "Darkages.Types.Skill, Darkages.Server",
        "Template": null,
        "Slot": 0,
        "Icon": 0,
        "Level": 0,
        "ID": 0,
        "NextAvailableUse": "0001-01-01T00:00:00",
        "Ready": true,
        "InUse": false,
        "Uses": 0
      },
      "37": null,
      "38": null,
      "39": null,
      "40": null,
      "41": null,
      "42": null,
      "43": null,
      "44": null,
      "45": null,
      "46": null,
      "47": null,
      "48": null,
      "49": null,
      "50": null,
      "51": null,
      "52": null,
      "53": null,
      "54": null,
      "55": null,
      "56": null,
      "57": null,
      "58": null,
      "59": null,
      "60": null,
      "61": null,
      "62": null,
      "63": null,
      "64": null,
      "65": null,
      "66": null,
      "67": null,
      "68": null,
      "69": null,
      "70": null,
      "71": null,
      "72": null,
      "73": null,
      "74": null,
      "75": null,
      "76": null,
      "77": null,
      "78": null,
      "79": null,
      "80": null,
      "81": null,
      "82": null,
      "83": null,
      "84": null,
      "85": null,
      "86": null,
      "87": null,
      "88": null,
      "89": null,
      "90": null,
      "91": null,
      "92": null,
      "93": null,
      "94": null,
      "95": null,
      "96": null,
      "97": null,
      "98": null,
      "99": null,
      "100": null,
      "101": null,
      "102": null,
      "103": null,
      "104": null,
      "105": null
    },
    "Length": 105
  },
  "SpellBook": {
    "$type": "Darkages.Types.SpellBook, Darkages.Server",
    "Spells": {
      "$type": "System.Collections.Generic.Dictionary`2[[System.Int32, mscorlib],[Darkages.Types.Spell, Darkages.Server]], mscorlib",
      "1": null,
      "2": null,
      "3": null,
      "4": null,
      "5": null,
      "6": null,
      "7": null,
      "8": null,
      "9": null,
      "10": null,
      "11": null,
      "12": null,
      "13": null,
      "14": null,
      "15": null,
      "16": null,
      "17": null,
      "18": null,
      "19": null,
      "20": null,
      "21": null,
      "22": null,
      "23": null,
      "24": null,
      "25": null,
      "26": null,
      "27": null,
      "28": null,
      "29": null,
      "30": null,
      "31": null,
      "32": null,
      "33": null,
      "34": null,
      "35": null,
      "36": {
        "$type": "Darkages.Types.Spell, Darkages.Server",
        "Casts": 0,
        "ID": 0,
        "Template": null,
        "Level": 0,
        "Slot": 0,
        "NextAvailableUse": "0001-01-01T00:00:00",
        "InUse": false
      },
      "37": null,
      "38": null,
      "39": null,
      "40": null,
      "41": null,
      "42": null,
      "43": null,
      "44": null,
      "45": null,
      "46": null,
      "47": null,
      "48": null,
      "49": null,
      "50": null,
      "51": null,
      "52": null,
      "53": null,
      "54": null,
      "55": null,
      "56": null,
      "57": null,
      "58": null,
      "59": null,
      "60": null,
      "61": null,
      "62": null,
      "63": null,
      "64": null,
      "65": null,
      "66": null,
      "67": null,
      "68": null,
      "69": null,
      "70": null,
      "71": null,
      "72": null,
      "73": null,
      "74": null,
      "75": null,
      "76": null,
      "77": null,
      "78": null,
      "79": null,
      "80": null,
      "81": null,
      "82": null,
      "83": null,
      "84": null,
      "85": null,
      "86": null,
      "87": null,
      "88": null,
      "89": null,
      "90": null,
      "91": null,
      "92": null,
      "93": null,
      "94": null,
      "95": null,
      "96": null,
      "97": null,
      "98": null,
      "99": null,
      "100": null,
      "101": null,
      "102": null,
      "103": null,
      "104": null,
      "105": null
    },
    "Length": 105
  },
  "Inventory": {
    "$type": "Darkages.Types.Inventory, Darkages.Server",
    "Items": {
      "$type": "System.Collections.Generic.Dictionary`2[[System.Int32, mscorlib],[Darkages.Types.Item, Darkages.Server]], mscorlib",
      "1": null,
      "2": null,
      "3": null,
      "4": null,
      "5": null,
      "6": null,
      "7": null,
      "8": null,
      "9": null,
      "10": null,
      "11": null,
      "12": null,
      "13": null,
      "14": null,
      "15": null,
      "16": null,
      "17": null,
      "18": null,
      "19": null,
      "20": null,
      "21": null,
      "22": null,
      "23": null,
      "24": null,
      "25": null,
      "26": null,
      "27": null,
      "28": null,
      "29": null,
      "30": null,
      "31": null,
      "32": null,
      "33": null,
      "34": null,
      "35": null,
      "36": null,
      "37": null,
      "38": null,
      "39": null,
      "40": null,
      "41": null,
      "42": null,
      "43": null,
      "44": null,
      "45": null,
      "46": null,
      "47": null,
      "48": null,
      "49": null,
      "50": null,
      "51": null,
      "52": null,
      "53": null,
      "54": null,
      "55": null,
      "56": null,
      "57": null,
      "58": null,
      "59": null
    },
    "Length": 59
  },
  "EquipmentManager": {
    "$type": "Darkages.Types.EquipmentManager, Darkages.Server",
    "Equipment": {
      "$type": "System.Collections.Generic.Dictionary`2[[System.Int32, mscorlib],[Darkages.Types.EquipmentSlot, Darkages.Server]], mscorlib",
      "1": null,
      "2": {
        "$type": "Darkages.Types.EquipmentSlot, Darkages.Server",
        "Slot": 2,
        "Item": {
          "$type": "Darkages.Types.Item, Darkages.Server",
          "rnd": {
            "$type": "System.Random, mscorlib"
          },
          "AcTable": {
            "$type": "System.Collections.Generic.Dictionary`2[[System.Int32, mscorlib],[System.Double, mscorlib]], mscorlib",
            "-70": -1.05,
            "-69": -1.035,
            "-68": -1.02,
            "-67": -1.005,
            "-66": -0.99,
            "-65": -0.975,
            "-64": -0.96,
            "-63": -0.945,
            "-62": -0.93,
            "-61": -0.915,
            "-60": -0.9,
            "-59": -0.885,
            "-58": -0.87,
            "-57": -0.855,
            "-56": -0.84,
            "-55": -0.825,
            "-54": -0.81,
            "-53": -0.795,
            "-52": -0.78,
            "-51": -0.765,
            "-50": -0.75,
            "-49": -0.735,
            "-48": -0.72,
            "-47": -0.705,
            "-46": -0.69,
            "-45": -0.675,
            "-44": -0.66,
            "-43": -0.645,
            "-42": -0.63,
            "-41": -0.615,
            "-40": -0.6,
            "-39": -0.585,
            "-38": -0.57,
            "-37": -0.555,
            "-36": -0.54,
            "-35": -0.525,
            "-34": -0.51,
            "-33": -0.495,
            "-32": -0.48,
            "-31": -0.465,
            "-30": -0.45,
            "-29": -0.435,
            "-28": -0.42,
            "-27": -0.405,
            "-26": -0.39,
            "-25": -0.375,
            "-24": -0.36,
            "-23": -0.345,
            "-22": -0.33,
            "-21": -0.315,
            "-20": -0.3,
            "-19": -0.285,
            "-18": -0.27,
            "-17": -0.255,
            "-16": -0.24,
            "-15": -0.225,
            "-14": -0.21,
            "-13": -0.195,
            "-12": -0.18,
            "-11": -0.165,
            "-10": -0.15,
            "-9": -0.135,
            "-8": -0.12,
            "-7": -0.105,
            "-6": -0.09,
            "-5": -0.075,
            "-4": -0.06,
            "-3": -0.045,
            "-2": -0.03,
            "-1": -0.015,
            "0": 0.0,
            "1": 0.015,
            "2": 0.03,
            "3": 0.045,
            "4": 0.06,
            "5": 0.075,
            "6": 0.09,
            "7": 0.105,
            "8": 0.12,
            "9": 0.135,
            "10": 0.15,
            "11": 0.165,
            "12": 0.18,
            "13": 0.195,
            "14": 0.21,
            "15": 0.225,
            "16": 0.24,
            "17": 0.255,
            "18": 0.27,
            "19": 0.285,
            "20": 0.3,
            "21": 0.315,
            "22": 0.33,
            "23": 0.345,
            "24": 0.36,
            "25": 0.375,
            "26": 0.39,
            "27": 0.405,
            "28": 0.42,
            "29": 0.435,
            "30": 0.45,
            "31": 0.465,
            "32": 0.48,
            "33": 0.495,
            "34": 0.51,
            "35": 0.525,
            "36": 0.54,
            "37": 0.555,
            "38": 0.57,
            "39": 0.585,
            "40": 0.6,
            "41": 0.615,
            "42": 0.63,
            "43": 0.645,
            "44": 0.66,
            "45": 0.675,
            "46": 0.69,
            "47": 0.705,
            "48": 0.72,
            "49": 0.735,
            "50": 0.75,
            "51": 0.765,
            "52": 0.78,
            "53": 0.795,
            "54": 0.81,
            "55": 0.825,
            "56": 0.84,
            "57": 0.855,
            "58": 0.87,
            "59": 0.885,
            "60": 0.9,
            "61": 0.915,
            "62": 0.93,
            "63": 0.945,
            "64": 0.96,
            "65": 0.975,
            "66": 0.99,
            "67": 3.005,
            "68": 3.02,
            "69": 3.035,
            "70": 3.05,
            "71": 3.065,
            "72": 3.08,
            "73": 3.095,
            "74": 3.11,
            "75": 3.125,
            "76": 3.14,
            "77": 3.155,
            "78": 3.17,
            "79": 3.185,
            "80": 3.2,
            "81": 3.215,
            "82": 3.23,
            "83": 3.245,
            "84": 3.26,
            "85": 3.275,
            "86": 3.29,
            "87": 3.305,
            "88": 3.32,
            "89": 3.335,
            "90": 3.35,
            "91": 3.365,
            "92": 3.38,
            "93": 3.395,
            "94": 3.41,
            "95": 3.425,
            "96": 3.44,
            "97": 3.455,
            "98": 3.47,
            "99": 3.485,
            "100": 5.5,
            "101": 5.515,
            "102": 5.53,
            "103": 5.545,
            "104": 5.56,
            "105": 5.575,
            "106": 5.59,
            "107": 5.605,
            "108": 5.62,
            "109": 5.635,
            "110": 5.65,
            "111": 5.665,
            "112": 5.68,
            "113": 5.695,
            "114": 5.71,
            "115": 5.725,
            "116": 5.74,
            "117": 5.755,
            "118": 5.77,
            "119": 5.785,
            "120": 5.8,
            "121": 5.815,
            "122": 5.83,
            "123": 5.845,
            "124": 5.86,
            "125": 5.875,
            "126": 5.89,
            "127": 5.905,
            "128": 5.92,
            "129": 5.935,
            "130": 5.95,
            "131": 5.965,
            "132": 5.98,
            "133": 5.995,
            "134": 5.01,
            "135": 5.025,
            "136": 5.04,
            "137": 5.055,
            "138": 5.07,
            "139": 5.085,
            "140": 5.1,
            "141": 5.115,
            "142": 5.13,
            "143": 5.145,
            "144": 5.16,
            "145": 5.175,
            "146": 5.19,
            "147": 5.205,
            "148": 5.22,
            "149": 5.235,
            "150": 5.25,
            "151": 5.265,
            "152": 5.28,
            "153": 5.295,
            "154": 5.31,
            "155": 5.325,
            "156": 5.34,
            "157": 5.355,
            "158": 5.37,
            "159": 5.385,
            "160": 5.4,
            "161": 5.415,
            "162": 5.43,
            "163": 5.445,
            "164": 5.46,
            "165": 5.475,
            "166": 5.49,
            "167": 5.505,
            "168": 5.52,
            "169": 5.535,
            "170": 5.55
          },
          "Template": {
            "$type": "Darkages.Types.ItemTemplate, Darkages.Server",
            "ID": 1,
            "CanStack": false,
            "MaxStack": 0,
            "Image": 1,
            "DisplayImage": 32883,
            "ScriptName": "Armor",
            "Gender": 2,
            "HealthModifer": null,
            "ManaModifer": null,
            "StrModifer": null,
            "IntModifer": null,
            "WisModifer": null,
            "ConModifer": null,
            "DexModifer": null,
            "AcModifer": {
              "$type": "Darkages.Types.StatusOperator, Darkages.Server",
              "Option": 1,
              "Value": 5
            },
            "MrModifer": null,
            "HitModifer": null,
            "DmgModifer": null,
            "SpellOperator": null,
            "OffenseElement": 0,
            "DefenseElement": 0,
            "CarryWeight": 1,
            "Flags": 77,
            "MaxDurability": 1000,
            "Value": 100,
            "EquipmentSlot": 2,
            "NpcKey": "shop1",
            "Class": 0,
            "LevelRequired": 1,
            "DmgMin": 0,
            "DmgMax": 0,
            "DropRate": 0.0,
            "StageRequired": 0,
            "HasPants": false,
            "Color": 0,
            "Name": "Blouse"
          },
          "Cursed": false,
          "Owner": 20306,
          "Image": 1,
          "DisplayImage": 32883,
          "Stacks": 0,
          "Slot": 1,
          "Durability": 1000,
          "Warnings": {
            "$type": "System.Boolean[], mscorlib",
            "$values": [
              false,
              false,
              false
            ]
          },
          "Color": 13,
          "Upgrades": 0,
          "Type": null,
          "BonusHitChance": 0,
          "AttackType": 0,
          "DamageType": 0,
          "DefinedDamage": 0,
          "DefinedPercentage": 0,
          "Debuffs": {
            "$type": "System.Collections.Concurrent.ConcurrentDictionary`2[[System.String, mscorlib],[Darkages.Types.Debuff, Darkages.Server]], mscorlib"
          },
          "Buffs": {
            "$type": "System.Collections.Concurrent.ConcurrentDictionary`2[[System.String, mscorlib],[Darkages.Types.Buff, Darkages.Server]], mscorlib"
          },
          "TargetPool": {
            "$type": "System.Collections.Concurrent.ConcurrentDictionary`2[[System.UInt32, mscorlib],[System.TimeSpan, mscorlib]], mscorlib"
          },
          "Serial": 24850,
          "X": 1,
          "Y": 3,
          "CurrentHp": 0,
          "CurrentMp": 0,
          "_MaximumHp": 0,
          "_MaximumMp": 0,
          "_Str": 0,
          "_Int": 0,
          "_Wis": 0,
          "_Con": 0,
          "_Dex": 0,
          "_Mr": 0,
          "_Dmg": 0,
          "_Hit": 0,
          "Direction": 0,
          "CurrentMapId": 100,
          "OffenseElement": 0,
          "DefenseElement": 0,
          "Amplified": 0,
          "MajorAttribute": 0,
          "CanMove": true,
          "CanCast": true
        }
      },
      "3": null,
      "4": null,
      "5": null,
      "6": null,
      "7": {
        "$type": "Darkages.Types.EquipmentSlot, Darkages.Server",
        "Slot": 7,
        "Item": {
          "$type": "Darkages.Types.Item, Darkages.Server",
          "rnd": {
            "$type": "System.Random, mscorlib"
          },
          "AcTable": {
            "$type": "System.Collections.Generic.Dictionary`2[[System.Int32, mscorlib],[System.Double, mscorlib]], mscorlib",
            "-70": -1.05,
            "-69": -1.035,
            "-68": -1.02,
            "-67": -1.005,
            "-66": -0.99,
            "-65": -0.975,
            "-64": -0.96,
            "-63": -0.945,
            "-62": -0.93,
            "-61": -0.915,
            "-60": -0.9,
            "-59": -0.885,
            "-58": -0.87,
            "-57": -0.855,
            "-56": -0.84,
            "-55": -0.825,
            "-54": -0.81,
            "-53": -0.795,
            "-52": -0.78,
            "-51": -0.765,
            "-50": -0.75,
            "-49": -0.735,
            "-48": -0.72,
            "-47": -0.705,
            "-46": -0.69,
            "-45": -0.675,
            "-44": -0.66,
            "-43": -0.645,
            "-42": -0.63,
            "-41": -0.615,
            "-40": -0.6,
            "-39": -0.585,
            "-38": -0.57,
            "-37": -0.555,
            "-36": -0.54,
            "-35": -0.525,
            "-34": -0.51,
            "-33": -0.495,
            "-32": -0.48,
            "-31": -0.465,
            "-30": -0.45,
            "-29": -0.435,
            "-28": -0.42,
            "-27": -0.405,
            "-26": -0.39,
            "-25": -0.375,
            "-24": -0.36,
            "-23": -0.345,
            "-22": -0.33,
            "-21": -0.315,
            "-20": -0.3,
            "-19": -0.285,
            "-18": -0.27,
            "-17": -0.255,
            "-16": -0.24,
            "-15": -0.225,
            "-14": -0.21,
            "-13": -0.195,
            "-12": -0.18,
            "-11": -0.165,
            "-10": -0.15,
            "-9": -0.135,
            "-8": -0.12,
            "-7": -0.105,
            "-6": -0.09,
            "-5": -0.075,
            "-4": -0.06,
            "-3": -0.045,
            "-2": -0.03,
            "-1": -0.015,
            "0": 0.0,
            "1": 0.015,
            "2": 0.03,
            "3": 0.045,
            "4": 0.06,
            "5": 0.075,
            "6": 0.09,
            "7": 0.105,
            "8": 0.12,
            "9": 0.135,
            "10": 0.15,
            "11": 0.165,
            "12": 0.18,
            "13": 0.195,
            "14": 0.21,
            "15": 0.225,
            "16": 0.24,
            "17": 0.255,
            "18": 0.27,
            "19": 0.285,
            "20": 0.3,
            "21": 0.315,
            "22": 0.33,
            "23": 0.345,
            "24": 0.36,
            "25": 0.375,
            "26": 0.39,
            "27": 0.405,
            "28": 0.42,
            "29": 0.435,
            "30": 0.45,
            "31": 0.465,
            "32": 0.48,
            "33": 0.495,
            "34": 0.51,
            "35": 0.525,
            "36": 0.54,
            "37": 0.555,
            "38": 0.57,
            "39": 0.585,
            "40": 0.6,
            "41": 0.615,
            "42": 0.63,
            "43": 0.645,
            "44": 0.66,
            "45": 0.675,
            "46": 0.69,
            "47": 0.705,
            "48": 0.72,
            "49": 0.735,
            "50": 0.75,
            "51": 0.765,
            "52": 0.78,
            "53": 0.795,
            "54": 0.81,
            "55": 0.825,
            "56": 0.84,
            "57": 0.855,
            "58": 0.87,
            "59": 0.885,
            "60": 0.9,
            "61": 0.915,
            "62": 0.93,
            "63": 0.945,
            "64": 0.96,
            "65": 0.975,
            "66": 0.99,
            "67": 3.005,
            "68": 3.02,
            "69": 3.035,
            "70": 3.05,
            "71": 3.065,
            "72": 3.08,
            "73": 3.095,
            "74": 3.11,
            "75": 3.125,
            "76": 3.14,
            "77": 3.155,
            "78": 3.17,
            "79": 3.185,
            "80": 3.2,
            "81": 3.215,
            "82": 3.23,
            "83": 3.245,
            "84": 3.26,
            "85": 3.275,
            "86": 3.29,
            "87": 3.305,
            "88": 3.32,
            "89": 3.335,
            "90": 3.35,
            "91": 3.365,
            "92": 3.38,
            "93": 3.395,
            "94": 3.41,
            "95": 3.425,
            "96": 3.44,
            "97": 3.455,
            "98": 3.47,
            "99": 3.485,
            "100": 5.5,
            "101": 5.515,
            "102": 5.53,
            "103": 5.545,
            "104": 5.56,
            "105": 5.575,
            "106": 5.59,
            "107": 5.605,
            "108": 5.62,
            "109": 5.635,
            "110": 5.65,
            "111": 5.665,
            "112": 5.68,
            "113": 5.695,
            "114": 5.71,
            "115": 5.725,
            "116": 5.74,
            "117": 5.755,
            "118": 5.77,
            "119": 5.785,
            "120": 5.8,
            "121": 5.815,
            "122": 5.83,
            "123": 5.845,
            "124": 5.86,
            "125": 5.875,
            "126": 5.89,
            "127": 5.905,
            "128": 5.92,
            "129": 5.935,
            "130": 5.95,
            "131": 5.965,
            "132": 5.98,
            "133": 5.995,
            "134": 5.01,
            "135": 5.025,
            "136": 5.04,
            "137": 5.055,
            "138": 5.07,
            "139": 5.085,
            "140": 5.1,
            "141": 5.115,
            "142": 5.13,
            "143": 5.145,
            "144": 5.16,
            "145": 5.175,
            "146": 5.19,
            "147": 5.205,
            "148": 5.22,
            "149": 5.235,
            "150": 5.25,
            "151": 5.265,
            "152": 5.28,
            "153": 5.295,
            "154": 5.31,
            "155": 5.325,
            "156": 5.34,
            "157": 5.355,
            "158": 5.37,
            "159": 5.385,
            "160": 5.4,
            "161": 5.415,
            "162": 5.43,
            "163": 5.445,
            "164": 5.46,
            "165": 5.475,
            "166": 5.49,
            "167": 5.505,
            "168": 5.52,
            "169": 5.535,
            "170": 5.55
          },
          "Template": {
            "$type": "Darkages.Types.ItemTemplate, Darkages.Server",
            "ID": 0,
            "CanStack": false,
            "MaxStack": 0,
            "Image": 213,
            "DisplayImage": 32981,
            "ScriptName": "Generic",
            "Gender": 255,
            "HealthModifer": {
              "$type": "Darkages.Types.StatusOperator, Darkages.Server",
              "Option": 0,
              "Value": 300
            },
            "ManaModifer": null,
            "StrModifer": null,
            "IntModifer": null,
            "WisModifer": null,
            "ConModifer": null,
            "DexModifer": null,
            "AcModifer": null,
            "MrModifer": null,
            "HitModifer": null,
            "DmgModifer": {
              "$type": "Darkages.Types.StatusOperator, Darkages.Server",
              "Option": 0,
              "Value": 2
            },
            "SpellOperator": null,
            "OffenseElement": 0,
            "DefenseElement": 0,
            "CarryWeight": 2,
            "Flags": 95,
            "MaxDurability": 2000,
            "Value": 1500,
            "EquipmentSlot": 7,
            "NpcKey": null,
            "Class": 0,
            "LevelRequired": 1,
            "DmgMin": 0,
            "DmgMax": 0,
            "DropRate": 0.0,
            "StageRequired": 0,
            "HasPants": false,
            "Color": 0,
            "Name": "Small Emerald Ring"
          },
          "Cursed": false,
          "Owner": 20306,
          "Image": 213,
          "DisplayImage": 32981,
          "Stacks": 0,
          "Slot": 2,
          "Durability": 2000,
          "Warnings": {
            "$type": "System.Boolean[], mscorlib",
            "$values": [
              false,
              false,
              false
            ]
          },
          "Color": 13,
          "Upgrades": 0,
          "Type": null,
          "BonusHitChance": 0,
          "AttackType": 0,
          "DamageType": 0,
          "DefinedDamage": 0,
          "DefinedPercentage": 0,
          "Debuffs": {
            "$type": "System.Collections.Concurrent.ConcurrentDictionary`2[[System.String, mscorlib],[Darkages.Types.Debuff, Darkages.Server]], mscorlib"
          },
          "Buffs": {
            "$type": "System.Collections.Concurrent.ConcurrentDictionary`2[[System.String, mscorlib],[Darkages.Types.Buff, Darkages.Server]], mscorlib"
          },
          "TargetPool": {
            "$type": "System.Collections.Concurrent.ConcurrentDictionary`2[[System.UInt32, mscorlib],[System.TimeSpan, mscorlib]], mscorlib"
          },
          "Serial": 24851,
          "X": 1,
          "Y": 3,
          "CurrentHp": 0,
          "CurrentMp": 0,
          "_MaximumHp": 0,
          "_MaximumMp": 0,
          "_Str": 0,
          "_Int": 0,
          "_Wis": 0,
          "_Con": 0,
          "_Dex": 0,
          "_Mr": 0,
          "_Dmg": 0,
          "_Hit": 0,
          "Direction": 0,
          "CurrentMapId": 100,
          "OffenseElement": 0,
          "DefenseElement": 0,
          "Amplified": 0,
          "MajorAttribute": 0,
          "CanMove": true,
          "CanCast": true
        }
      },
      "8": {
        "$type": "Darkages.Types.EquipmentSlot, Darkages.Server",
        "Slot": 8,
        "Item": {
          "$type": "Darkages.Types.Item, Darkages.Server",
          "rnd": {
            "$type": "System.Random, mscorlib"
          },
          "AcTable": {
            "$type": "System.Collections.Generic.Dictionary`2[[System.Int32, mscorlib],[System.Double, mscorlib]], mscorlib",
            "-70": -1.05,
            "-69": -1.035,
            "-68": -1.02,
            "-67": -1.005,
            "-66": -0.99,
            "-65": -0.975,
            "-64": -0.96,
            "-63": -0.945,
            "-62": -0.93,
            "-61": -0.915,
            "-60": -0.9,
            "-59": -0.885,
            "-58": -0.87,
            "-57": -0.855,
            "-56": -0.84,
            "-55": -0.825,
            "-54": -0.81,
            "-53": -0.795,
            "-52": -0.78,
            "-51": -0.765,
            "-50": -0.75,
            "-49": -0.735,
            "-48": -0.72,
            "-47": -0.705,
            "-46": -0.69,
            "-45": -0.675,
            "-44": -0.66,
            "-43": -0.645,
            "-42": -0.63,
            "-41": -0.615,
            "-40": -0.6,
            "-39": -0.585,
            "-38": -0.57,
            "-37": -0.555,
            "-36": -0.54,
            "-35": -0.525,
            "-34": -0.51,
            "-33": -0.495,
            "-32": -0.48,
            "-31": -0.465,
            "-30": -0.45,
            "-29": -0.435,
            "-28": -0.42,
            "-27": -0.405,
            "-26": -0.39,
            "-25": -0.375,
            "-24": -0.36,
            "-23": -0.345,
            "-22": -0.33,
            "-21": -0.315,
            "-20": -0.3,
            "-19": -0.285,
            "-18": -0.27,
            "-17": -0.255,
            "-16": -0.24,
            "-15": -0.225,
            "-14": -0.21,
            "-13": -0.195,
            "-12": -0.18,
            "-11": -0.165,
            "-10": -0.15,
            "-9": -0.135,
            "-8": -0.12,
            "-7": -0.105,
            "-6": -0.09,
            "-5": -0.075,
            "-4": -0.06,
            "-3": -0.045,
            "-2": -0.03,
            "-1": -0.015,
            "0": 0.0,
            "1": 0.015,
            "2": 0.03,
            "3": 0.045,
            "4": 0.06,
            "5": 0.075,
            "6": 0.09,
            "7": 0.105,
            "8": 0.12,
            "9": 0.135,
            "10": 0.15,
            "11": 0.165,
            "12": 0.18,
            "13": 0.195,
            "14": 0.21,
            "15": 0.225,
            "16": 0.24,
            "17": 0.255,
            "18": 0.27,
            "19": 0.285,
            "20": 0.3,
            "21": 0.315,
            "22": 0.33,
            "23": 0.345,
            "24": 0.36,
            "25": 0.375,
            "26": 0.39,
            "27": 0.405,
            "28": 0.42,
            "29": 0.435,
            "30": 0.45,
            "31": 0.465,
            "32": 0.48,
            "33": 0.495,
            "34": 0.51,
            "35": 0.525,
            "36": 0.54,
            "37": 0.555,
            "38": 0.57,
            "39": 0.585,
            "40": 0.6,
            "41": 0.615,
            "42": 0.63,
            "43": 0.645,
            "44": 0.66,
            "45": 0.675,
            "46": 0.69,
            "47": 0.705,
            "48": 0.72,
            "49": 0.735,
            "50": 0.75,
            "51": 0.765,
            "52": 0.78,
            "53": 0.795,
            "54": 0.81,
            "55": 0.825,
            "56": 0.84,
            "57": 0.855,
            "58": 0.87,
            "59": 0.885,
            "60": 0.9,
            "61": 0.915,
            "62": 0.93,
            "63": 0.945,
            "64": 0.96,
            "65": 0.975,
            "66": 0.99,
            "67": 3.005,
            "68": 3.02,
            "69": 3.035,
            "70": 3.05,
            "71": 3.065,
            "72": 3.08,
            "73": 3.095,
            "74": 3.11,
            "75": 3.125,
            "76": 3.14,
            "77": 3.155,
            "78": 3.17,
            "79": 3.185,
            "80": 3.2,
            "81": 3.215,
            "82": 3.23,
            "83": 3.245,
            "84": 3.26,
            "85": 3.275,
            "86": 3.29,
            "87": 3.305,
            "88": 3.32,
            "89": 3.335,
            "90": 3.35,
            "91": 3.365,
            "92": 3.38,
            "93": 3.395,
            "94": 3.41,
            "95": 3.425,
            "96": 3.44,
            "97": 3.455,
            "98": 3.47,
            "99": 3.485,
            "100": 5.5,
            "101": 5.515,
            "102": 5.53,
            "103": 5.545,
            "104": 5.56,
            "105": 5.575,
            "106": 5.59,
            "107": 5.605,
            "108": 5.62,
            "109": 5.635,
            "110": 5.65,
            "111": 5.665,
            "112": 5.68,
            "113": 5.695,
            "114": 5.71,
            "115": 5.725,
            "116": 5.74,
            "117": 5.755,
            "118": 5.77,
            "119": 5.785,
            "120": 5.8,
            "121": 5.815,
            "122": 5.83,
            "123": 5.845,
            "124": 5.86,
            "125": 5.875,
            "126": 5.89,
            "127": 5.905,
            "128": 5.92,
            "129": 5.935,
            "130": 5.95,
            "131": 5.965,
            "132": 5.98,
            "133": 5.995,
            "134": 5.01,
            "135": 5.025,
            "136": 5.04,
            "137": 5.055,
            "138": 5.07,
            "139": 5.085,
            "140": 5.1,
            "141": 5.115,
            "142": 5.13,
            "143": 5.145,
            "144": 5.16,
            "145": 5.175,
            "146": 5.19,
            "147": 5.205,
            "148": 5.22,
            "149": 5.235,
            "150": 5.25,
            "151": 5.265,
            "152": 5.28,
            "153": 5.295,
            "154": 5.31,
            "155": 5.325,
            "156": 5.34,
            "157": 5.355,
            "158": 5.37,
            "159": 5.385,
            "160": 5.4,
            "161": 5.415,
            "162": 5.43,
            "163": 5.445,
            "164": 5.46,
            "165": 5.475,
            "166": 5.49,
            "167": 5.505,
            "168": 5.52,
            "169": 5.535,
            "170": 5.55
          },
          "Template": {
            "$type": "Darkages.Types.ItemTemplate, Darkages.Server",
            "ID": 0,
            "CanStack": false,
            "MaxStack": 0,
            "Image": 210,
            "DisplayImage": 32978,
            "ScriptName": "Generic",
            "Gender": 255,
            "HealthModifer": {
              "$type": "Darkages.Types.StatusOperator, Darkages.Server",
              "Option": 0,
              "Value": 300
            },
            "ManaModifer": null,
            "StrModifer": null,
            "IntModifer": null,
            "WisModifer": null,
            "ConModifer": null,
            "DexModifer": null,
            "AcModifer": null,
            "MrModifer": null,
            "HitModifer": {
              "$type": "Darkages.Types.StatusOperator, Darkages.Server",
              "Option": 0,
              "Value": 2
            },
            "DmgModifer": null,
            "SpellOperator": null,
            "OffenseElement": 0,
            "DefenseElement": 0,
            "CarryWeight": 2,
            "Flags": 95,
            "MaxDurability": 2000,
            "Value": 1500,
            "EquipmentSlot": 8,
            "NpcKey": null,
            "Class": 0,
            "LevelRequired": 1,
            "DmgMin": 0,
            "DmgMax": 0,
            "DropRate": 0.0,
            "StageRequired": 0,
            "HasPants": false,
            "Color": 0,
            "Name": "Small Spinal Ring"
          },
          "Cursed": false,
          "Owner": 20306,
          "Image": 210,
          "DisplayImage": 32978,
          "Stacks": 0,
          "Slot": 3,
          "Durability": 2000,
          "Warnings": {
            "$type": "System.Boolean[], mscorlib",
            "$values": [
              false,
              false,
              false
            ]
          },
          "Color": 13,
          "Upgrades": 0,
          "Type": null,
          "BonusHitChance": 0,
          "AttackType": 0,
          "DamageType": 0,
          "DefinedDamage": 0,
          "DefinedPercentage": 0,
          "Debuffs": {
            "$type": "System.Collections.Concurrent.ConcurrentDictionary`2[[System.String, mscorlib],[Darkages.Types.Debuff, Darkages.Server]], mscorlib"
          },
          "Buffs": {
            "$type": "System.Collections.Concurrent.ConcurrentDictionary`2[[System.String, mscorlib],[Darkages.Types.Buff, Darkages.Server]], mscorlib"
          },
          "TargetPool": {
            "$type": "System.Collections.Concurrent.ConcurrentDictionary`2[[System.UInt32, mscorlib],[System.TimeSpan, mscorlib]], mscorlib"
          },
          "Serial": 24852,
          "X": 1,
          "Y": 3,
          "CurrentHp": 0,
          "CurrentMp": 0,
          "_MaximumHp": 0,
          "_MaximumMp": 0,
          "_Str": 0,
          "_Int": 0,
          "_Wis": 0,
          "_Con": 0,
          "_Dex": 0,
          "_Mr": 0,
          "_Dmg": 0,
          "_Hit": 0,
          "Direction": 0,
          "CurrentMapId": 100,
          "OffenseElement": 0,
          "DefenseElement": 0,
          "Amplified": 0,
          "MajorAttribute": 0,
          "CanMove": true,
          "CanCast": true
        }
      },
      "9": null,
      "10": null,
      "11": null,
      "12": null,
      "13": null,
      "14": null,
      "15": null,
      "16": null,
      "17": null
    },
    "Weapon": null,
    "Armor": {
      "$type": "Darkages.Types.EquipmentSlot, Darkages.Server",
      "Slot": 2,
      "Item": {
        "$type": "Darkages.Types.Item, Darkages.Server",
        "rnd": {
          "$type": "System.Random, mscorlib"
        },
        "AcTable": {
          "$type": "System.Collections.Generic.Dictionary`2[[System.Int32, mscorlib],[System.Double, mscorlib]], mscorlib",
          "-70": -1.05,
          "-69": -1.035,
          "-68": -1.02,
          "-67": -1.005,
          "-66": -0.99,
          "-65": -0.975,
          "-64": -0.96,
          "-63": -0.945,
          "-62": -0.93,
          "-61": -0.915,
          "-60": -0.9,
          "-59": -0.885,
          "-58": -0.87,
          "-57": -0.855,
          "-56": -0.84,
          "-55": -0.825,
          "-54": -0.81,
          "-53": -0.795,
          "-52": -0.78,
          "-51": -0.765,
          "-50": -0.75,
          "-49": -0.735,
          "-48": -0.72,
          "-47": -0.705,
          "-46": -0.69,
          "-45": -0.675,
          "-44": -0.66,
          "-43": -0.645,
          "-42": -0.63,
          "-41": -0.615,
          "-40": -0.6,
          "-39": -0.585,
          "-38": -0.57,
          "-37": -0.555,
          "-36": -0.54,
          "-35": -0.525,
          "-34": -0.51,
          "-33": -0.495,
          "-32": -0.48,
          "-31": -0.465,
          "-30": -0.45,
          "-29": -0.435,
          "-28": -0.42,
          "-27": -0.405,
          "-26": -0.39,
          "-25": -0.375,
          "-24": -0.36,
          "-23": -0.345,
          "-22": -0.33,
          "-21": -0.315,
          "-20": -0.3,
          "-19": -0.285,
          "-18": -0.27,
          "-17": -0.255,
          "-16": -0.24,
          "-15": -0.225,
          "-14": -0.21,
          "-13": -0.195,
          "-12": -0.18,
          "-11": -0.165,
          "-10": -0.15,
          "-9": -0.135,
          "-8": -0.12,
          "-7": -0.105,
          "-6": -0.09,
          "-5": -0.075,
          "-4": -0.06,
          "-3": -0.045,
          "-2": -0.03,
          "-1": -0.015,
          "0": 0.0,
          "1": 0.015,
          "2": 0.03,
          "3": 0.045,
          "4": 0.06,
          "5": 0.075,
          "6": 0.09,
          "7": 0.105,
          "8": 0.12,
          "9": 0.135,
          "10": 0.15,
          "11": 0.165,
          "12": 0.18,
          "13": 0.195,
          "14": 0.21,
          "15": 0.225,
          "16": 0.24,
          "17": 0.255,
          "18": 0.27,
          "19": 0.285,
          "20": 0.3,
          "21": 0.315,
          "22": 0.33,
          "23": 0.345,
          "24": 0.36,
          "25": 0.375,
          "26": 0.39,
          "27": 0.405,
          "28": 0.42,
          "29": 0.435,
          "30": 0.45,
          "31": 0.465,
          "32": 0.48,
          "33": 0.495,
          "34": 0.51,
          "35": 0.525,
          "36": 0.54,
          "37": 0.555,
          "38": 0.57,
          "39": 0.585,
          "40": 0.6,
          "41": 0.615,
          "42": 0.63,
          "43": 0.645,
          "44": 0.66,
          "45": 0.675,
          "46": 0.69,
          "47": 0.705,
          "48": 0.72,
          "49": 0.735,
          "50": 0.75,
          "51": 0.765,
          "52": 0.78,
          "53": 0.795,
          "54": 0.81,
          "55": 0.825,
          "56": 0.84,
          "57": 0.855,
          "58": 0.87,
          "59": 0.885,
          "60": 0.9,
          "61": 0.915,
          "62": 0.93,
          "63": 0.945,
          "64": 0.96,
          "65": 0.975,
          "66": 0.99,
          "67": 3.005,
          "68": 3.02,
          "69": 3.035,
          "70": 3.05,
          "71": 3.065,
          "72": 3.08,
          "73": 3.095,
          "74": 3.11,
          "75": 3.125,
          "76": 3.14,
          "77": 3.155,
          "78": 3.17,
          "79": 3.185,
          "80": 3.2,
          "81": 3.215,
          "82": 3.23,
          "83": 3.245,
          "84": 3.26,
          "85": 3.275,
          "86": 3.29,
          "87": 3.305,
          "88": 3.32,
          "89": 3.335,
          "90": 3.35,
          "91": 3.365,
          "92": 3.38,
          "93": 3.395,
          "94": 3.41,
          "95": 3.425,
          "96": 3.44,
          "97": 3.455,
          "98": 3.47,
          "99": 3.485,
          "100": 5.5,
          "101": 5.515,
          "102": 5.53,
          "103": 5.545,
          "104": 5.56,
          "105": 5.575,
          "106": 5.59,
          "107": 5.605,
          "108": 5.62,
          "109": 5.635,
          "110": 5.65,
          "111": 5.665,
          "112": 5.68,
          "113": 5.695,
          "114": 5.71,
          "115": 5.725,
          "116": 5.74,
          "117": 5.755,
          "118": 5.77,
          "119": 5.785,
          "120": 5.8,
          "121": 5.815,
          "122": 5.83,
          "123": 5.845,
          "124": 5.86,
          "125": 5.875,
          "126": 5.89,
          "127": 5.905,
          "128": 5.92,
          "129": 5.935,
          "130": 5.95,
          "131": 5.965,
          "132": 5.98,
          "133": 5.995,
          "134": 5.01,
          "135": 5.025,
          "136": 5.04,
          "137": 5.055,
          "138": 5.07,
          "139": 5.085,
          "140": 5.1,
          "141": 5.115,
          "142": 5.13,
          "143": 5.145,
          "144": 5.16,
          "145": 5.175,
          "146": 5.19,
          "147": 5.205,
          "148": 5.22,
          "149": 5.235,
          "150": 5.25,
          "151": 5.265,
          "152": 5.28,
          "153": 5.295,
          "154": 5.31,
          "155": 5.325,
          "156": 5.34,
          "157": 5.355,
          "158": 5.37,
          "159": 5.385,
          "160": 5.4,
          "161": 5.415,
          "162": 5.43,
          "163": 5.445,
          "164": 5.46,
          "165": 5.475,
          "166": 5.49,
          "167": 5.505,
          "168": 5.52,
          "169": 5.535,
          "170": 5.55
        },
        "Template": {
          "$type": "Darkages.Types.ItemTemplate, Darkages.Server",
          "ID": 1,
          "CanStack": false,
          "MaxStack": 0,
          "Image": 1,
          "DisplayImage": 32883,
          "ScriptName": "Armor",
          "Gender": 2,
          "HealthModifer": null,
          "ManaModifer": null,
          "StrModifer": null,
          "IntModifer": null,
          "WisModifer": null,
          "ConModifer": null,
          "DexModifer": null,
          "AcModifer": {
            "$type": "Darkages.Types.StatusOperator, Darkages.Server",
            "Option": 1,
            "Value": 5
          },
          "MrModifer": null,
          "HitModifer": null,
          "DmgModifer": null,
          "SpellOperator": null,
          "OffenseElement": 0,
          "DefenseElement": 0,
          "CarryWeight": 1,
          "Flags": 77,
          "MaxDurability": 1000,
          "Value": 100,
          "EquipmentSlot": 2,
          "NpcKey": "shop1",
          "Class": 0,
          "LevelRequired": 1,
          "DmgMin": 0,
          "DmgMax": 0,
          "DropRate": 0.0,
          "StageRequired": 0,
          "HasPants": false,
          "Color": 0,
          "Name": "Blouse"
        },
        "Cursed": false,
        "Owner": 20306,
        "Image": 1,
        "DisplayImage": 32883,
        "Stacks": 0,
        "Slot": 1,
        "Durability": 1000,
        "Warnings": {
          "$type": "System.Boolean[], mscorlib",
          "$values": [
            false,
            false,
            false
          ]
        },
        "Color": 13,
        "Upgrades": 0,
        "Type": null,
        "BonusHitChance": 0,
        "AttackType": 0,
        "DamageType": 0,
        "DefinedDamage": 0,
        "DefinedPercentage": 0,
        "Debuffs": {
          "$type": "System.Collections.Concurrent.ConcurrentDictionary`2[[System.String, mscorlib],[Darkages.Types.Debuff, Darkages.Server]], mscorlib"
        },
        "Buffs": {
          "$type": "System.Collections.Concurrent.ConcurrentDictionary`2[[System.String, mscorlib],[Darkages.Types.Buff, Darkages.Server]], mscorlib"
        },
        "TargetPool": {
          "$type": "System.Collections.Concurrent.ConcurrentDictionary`2[[System.UInt32, mscorlib],[System.TimeSpan, mscorlib]], mscorlib"
        },
        "Serial": 24850,
        "X": 1,
        "Y": 3,
        "CurrentHp": 0,
        "CurrentMp": 0,
        "_MaximumHp": 0,
        "_MaximumMp": 0,
        "_Str": 0,
        "_Int": 0,
        "_Wis": 0,
        "_Con": 0,
        "_Dex": 0,
        "_Mr": 0,
        "_Dmg": 0,
        "_Hit": 0,
        "Direction": 0,
        "CurrentMapId": 100,
        "OffenseElement": 0,
        "DefenseElement": 0,
        "Amplified": 0,
        "MajorAttribute": 0,
        "CanMove": true,
        "CanCast": true
      }
    },
    "Shield": null,
    "Helmet": null,
    "Earring": null,
    "Necklace": null,
    "LRing": {
      "$type": "Darkages.Types.EquipmentSlot, Darkages.Server",
      "Slot": 7,
      "Item": {
        "$type": "Darkages.Types.Item, Darkages.Server",
        "rnd": {
          "$type": "System.Random, mscorlib"
        },
        "AcTable": {
          "$type": "System.Collections.Generic.Dictionary`2[[System.Int32, mscorlib],[System.Double, mscorlib]], mscorlib",
          "-70": -1.05,
          "-69": -1.035,
          "-68": -1.02,
          "-67": -1.005,
          "-66": -0.99,
          "-65": -0.975,
          "-64": -0.96,
          "-63": -0.945,
          "-62": -0.93,
          "-61": -0.915,
          "-60": -0.9,
          "-59": -0.885,
          "-58": -0.87,
          "-57": -0.855,
          "-56": -0.84,
          "-55": -0.825,
          "-54": -0.81,
          "-53": -0.795,
          "-52": -0.78,
          "-51": -0.765,
          "-50": -0.75,
          "-49": -0.735,
          "-48": -0.72,
          "-47": -0.705,
          "-46": -0.69,
          "-45": -0.675,
          "-44": -0.66,
          "-43": -0.645,
          "-42": -0.63,
          "-41": -0.615,
          "-40": -0.6,
          "-39": -0.585,
          "-38": -0.57,
          "-37": -0.555,
          "-36": -0.54,
          "-35": -0.525,
          "-34": -0.51,
          "-33": -0.495,
          "-32": -0.48,
          "-31": -0.465,
          "-30": -0.45,
          "-29": -0.435,
          "-28": -0.42,
          "-27": -0.405,
          "-26": -0.39,
          "-25": -0.375,
          "-24": -0.36,
          "-23": -0.345,
          "-22": -0.33,
          "-21": -0.315,
          "-20": -0.3,
          "-19": -0.285,
          "-18": -0.27,
          "-17": -0.255,
          "-16": -0.24,
          "-15": -0.225,
          "-14": -0.21,
          "-13": -0.195,
          "-12": -0.18,
          "-11": -0.165,
          "-10": -0.15,
          "-9": -0.135,
          "-8": -0.12,
          "-7": -0.105,
          "-6": -0.09,
          "-5": -0.075,
          "-4": -0.06,
          "-3": -0.045,
          "-2": -0.03,
          "-1": -0.015,
          "0": 0.0,
          "1": 0.015,
          "2": 0.03,
          "3": 0.045,
          "4": 0.06,
          "5": 0.075,
          "6": 0.09,
          "7": 0.105,
          "8": 0.12,
          "9": 0.135,
          "10": 0.15,
          "11": 0.165,
          "12": 0.18,
          "13": 0.195,
          "14": 0.21,
          "15": 0.225,
          "16": 0.24,
          "17": 0.255,
          "18": 0.27,
          "19": 0.285,
          "20": 0.3,
          "21": 0.315,
          "22": 0.33,
          "23": 0.345,
          "24": 0.36,
          "25": 0.375,
          "26": 0.39,
          "27": 0.405,
          "28": 0.42,
          "29": 0.435,
          "30": 0.45,
          "31": 0.465,
          "32": 0.48,
          "33": 0.495,
          "34": 0.51,
          "35": 0.525,
          "36": 0.54,
          "37": 0.555,
          "38": 0.57,
          "39": 0.585,
          "40": 0.6,
          "41": 0.615,
          "42": 0.63,
          "43": 0.645,
          "44": 0.66,
          "45": 0.675,
          "46": 0.69,
          "47": 0.705,
          "48": 0.72,
          "49": 0.735,
          "50": 0.75,
          "51": 0.765,
          "52": 0.78,
          "53": 0.795,
          "54": 0.81,
          "55": 0.825,
          "56": 0.84,
          "57": 0.855,
          "58": 0.87,
          "59": 0.885,
          "60": 0.9,
          "61": 0.915,
          "62": 0.93,
          "63": 0.945,
          "64": 0.96,
          "65": 0.975,
          "66": 0.99,
          "67": 3.005,
          "68": 3.02,
          "69": 3.035,
          "70": 3.05,
          "71": 3.065,
          "72": 3.08,
          "73": 3.095,
          "74": 3.11,
          "75": 3.125,
          "76": 3.14,
          "77": 3.155,
          "78": 3.17,
          "79": 3.185,
          "80": 3.2,
          "81": 3.215,
          "82": 3.23,
          "83": 3.245,
          "84": 3.26,
          "85": 3.275,
          "86": 3.29,
          "87": 3.305,
          "88": 3.32,
          "89": 3.335,
          "90": 3.35,
          "91": 3.365,
          "92": 3.38,
          "93": 3.395,
          "94": 3.41,
          "95": 3.425,
          "96": 3.44,
          "97": 3.455,
          "98": 3.47,
          "99": 3.485,
          "100": 5.5,
          "101": 5.515,
          "102": 5.53,
          "103": 5.545,
          "104": 5.56,
          "105": 5.575,
          "106": 5.59,
          "107": 5.605,
          "108": 5.62,
          "109": 5.635,
          "110": 5.65,
          "111": 5.665,
          "112": 5.68,
          "113": 5.695,
          "114": 5.71,
          "115": 5.725,
          "116": 5.74,
          "117": 5.755,
          "118": 5.77,
          "119": 5.785,
          "120": 5.8,
          "121": 5.815,
          "122": 5.83,
          "123": 5.845,
          "124": 5.86,
          "125": 5.875,
          "126": 5.89,
          "127": 5.905,
          "128": 5.92,
          "129": 5.935,
          "130": 5.95,
          "131": 5.965,
          "132": 5.98,
          "133": 5.995,
          "134": 5.01,
          "135": 5.025,
          "136": 5.04,
          "137": 5.055,
          "138": 5.07,
          "139": 5.085,
          "140": 5.1,
          "141": 5.115,
          "142": 5.13,
          "143": 5.145,
          "144": 5.16,
          "145": 5.175,
          "146": 5.19,
          "147": 5.205,
          "148": 5.22,
          "149": 5.235,
          "150": 5.25,
          "151": 5.265,
          "152": 5.28,
          "153": 5.295,
          "154": 5.31,
          "155": 5.325,
          "156": 5.34,
          "157": 5.355,
          "158": 5.37,
          "159": 5.385,
          "160": 5.4,
          "161": 5.415,
          "162": 5.43,
          "163": 5.445,
          "164": 5.46,
          "165": 5.475,
          "166": 5.49,
          "167": 5.505,
          "168": 5.52,
          "169": 5.535,
          "170": 5.55
        },
        "Template": {
          "$type": "Darkages.Types.ItemTemplate, Darkages.Server",
          "ID": 0,
          "CanStack": false,
          "MaxStack": 0,
          "Image": 213,
          "DisplayImage": 32981,
          "ScriptName": "Generic",
          "Gender": 255,
          "HealthModifer": {
            "$type": "Darkages.Types.StatusOperator, Darkages.Server",
            "Option": 0,
            "Value": 300
          },
          "ManaModifer": null,
          "StrModifer": null,
          "IntModifer": null,
          "WisModifer": null,
          "ConModifer": null,
          "DexModifer": null,
          "AcModifer": null,
          "MrModifer": null,
          "HitModifer": null,
          "DmgModifer": {
            "$type": "Darkages.Types.StatusOperator, Darkages.Server",
            "Option": 0,
            "Value": 2
          },
          "SpellOperator": null,
          "OffenseElement": 0,
          "DefenseElement": 0,
          "CarryWeight": 2,
          "Flags": 95,
          "MaxDurability": 2000,
          "Value": 1500,
          "EquipmentSlot": 7,
          "NpcKey": null,
          "Class": 0,
          "LevelRequired": 1,
          "DmgMin": 0,
          "DmgMax": 0,
          "DropRate": 0.0,
          "StageRequired": 0,
          "HasPants": false,
          "Color": 0,
          "Name": "Small Emerald Ring"
        },
        "Cursed": false,
        "Owner": 20306,
        "Image": 213,
        "DisplayImage": 32981,
        "Stacks": 0,
        "Slot": 2,
        "Durability": 2000,
        "Warnings": {
          "$type": "System.Boolean[], mscorlib",
          "$values": [
            false,
            false,
            false
          ]
        },
        "Color": 13,
        "Upgrades": 0,
        "Type": null,
        "BonusHitChance": 0,
        "AttackType": 0,
        "DamageType": 0,
        "DefinedDamage": 0,
        "DefinedPercentage": 0,
        "Debuffs": {
          "$type": "System.Collections.Concurrent.ConcurrentDictionary`2[[System.String, mscorlib],[Darkages.Types.Debuff, Darkages.Server]], mscorlib"
        },
        "Buffs": {
          "$type": "System.Collections.Concurrent.ConcurrentDictionary`2[[System.String, mscorlib],[Darkages.Types.Buff, Darkages.Server]], mscorlib"
        },
        "TargetPool": {
          "$type": "System.Collections.Concurrent.ConcurrentDictionary`2[[System.UInt32, mscorlib],[System.TimeSpan, mscorlib]], mscorlib"
        },
        "Serial": 24851,
        "X": 1,
        "Y": 3,
        "CurrentHp": 0,
        "CurrentMp": 0,
        "_MaximumHp": 0,
        "_MaximumMp": 0,
        "_Str": 0,
        "_Int": 0,
        "_Wis": 0,
        "_Con": 0,
        "_Dex": 0,
        "_Mr": 0,
        "_Dmg": 0,
        "_Hit": 0,
        "Direction": 0,
        "CurrentMapId": 100,
        "OffenseElement": 0,
        "DefenseElement": 0,
        "Amplified": 0,
        "MajorAttribute": 0,
        "CanMove": true,
        "CanCast": true
      }
    },
    "RRing": {
      "$type": "Darkages.Types.EquipmentSlot, Darkages.Server",
      "Slot": 8,
      "Item": {
        "$type": "Darkages.Types.Item, Darkages.Server",
        "rnd": {
          "$type": "System.Random, mscorlib"
        },
        "AcTable": {
          "$type": "System.Collections.Generic.Dictionary`2[[System.Int32, mscorlib],[System.Double, mscorlib]], mscorlib",
          "-70": -1.05,
          "-69": -1.035,
          "-68": -1.02,
          "-67": -1.005,
          "-66": -0.99,
          "-65": -0.975,
          "-64": -0.96,
          "-63": -0.945,
          "-62": -0.93,
          "-61": -0.915,
          "-60": -0.9,
          "-59": -0.885,
          "-58": -0.87,
          "-57": -0.855,
          "-56": -0.84,
          "-55": -0.825,
          "-54": -0.81,
          "-53": -0.795,
          "-52": -0.78,
          "-51": -0.765,
          "-50": -0.75,
          "-49": -0.735,
          "-48": -0.72,
          "-47": -0.705,
          "-46": -0.69,
          "-45": -0.675,
          "-44": -0.66,
          "-43": -0.645,
          "-42": -0.63,
          "-41": -0.615,
          "-40": -0.6,
          "-39": -0.585,
          "-38": -0.57,
          "-37": -0.555,
          "-36": -0.54,
          "-35": -0.525,
          "-34": -0.51,
          "-33": -0.495,
          "-32": -0.48,
          "-31": -0.465,
          "-30": -0.45,
          "-29": -0.435,
          "-28": -0.42,
          "-27": -0.405,
          "-26": -0.39,
          "-25": -0.375,
          "-24": -0.36,
          "-23": -0.345,
          "-22": -0.33,
          "-21": -0.315,
          "-20": -0.3,
          "-19": -0.285,
          "-18": -0.27,
          "-17": -0.255,
          "-16": -0.24,
          "-15": -0.225,
          "-14": -0.21,
          "-13": -0.195,
          "-12": -0.18,
          "-11": -0.165,
          "-10": -0.15,
          "-9": -0.135,
          "-8": -0.12,
          "-7": -0.105,
          "-6": -0.09,
          "-5": -0.075,
          "-4": -0.06,
          "-3": -0.045,
          "-2": -0.03,
          "-1": -0.015,
          "0": 0.0,
          "1": 0.015,
          "2": 0.03,
          "3": 0.045,
          "4": 0.06,
          "5": 0.075,
          "6": 0.09,
          "7": 0.105,
          "8": 0.12,
          "9": 0.135,
          "10": 0.15,
          "11": 0.165,
          "12": 0.18,
          "13": 0.195,
          "14": 0.21,
          "15": 0.225,
          "16": 0.24,
          "17": 0.255,
          "18": 0.27,
          "19": 0.285,
          "20": 0.3,
          "21": 0.315,
          "22": 0.33,
          "23": 0.345,
          "24": 0.36,
          "25": 0.375,
          "26": 0.39,
          "27": 0.405,
          "28": 0.42,
          "29": 0.435,
          "30": 0.45,
          "31": 0.465,
          "32": 0.48,
          "33": 0.495,
          "34": 0.51,
          "35": 0.525,
          "36": 0.54,
          "37": 0.555,
          "38": 0.57,
          "39": 0.585,
          "40": 0.6,
          "41": 0.615,
          "42": 0.63,
          "43": 0.645,
          "44": 0.66,
          "45": 0.675,
          "46": 0.69,
          "47": 0.705,
          "48": 0.72,
          "49": 0.735,
          "50": 0.75,
          "51": 0.765,
          "52": 0.78,
          "53": 0.795,
          "54": 0.81,
          "55": 0.825,
          "56": 0.84,
          "57": 0.855,
          "58": 0.87,
          "59": 0.885,
          "60": 0.9,
          "61": 0.915,
          "62": 0.93,
          "63": 0.945,
          "64": 0.96,
          "65": 0.975,
          "66": 0.99,
          "67": 3.005,
          "68": 3.02,
          "69": 3.035,
          "70": 3.05,
          "71": 3.065,
          "72": 3.08,
          "73": 3.095,
          "74": 3.11,
          "75": 3.125,
          "76": 3.14,
          "77": 3.155,
          "78": 3.17,
          "79": 3.185,
          "80": 3.2,
          "81": 3.215,
          "82": 3.23,
          "83": 3.245,
          "84": 3.26,
          "85": 3.275,
          "86": 3.29,
          "87": 3.305,
          "88": 3.32,
          "89": 3.335,
          "90": 3.35,
          "91": 3.365,
          "92": 3.38,
          "93": 3.395,
          "94": 3.41,
          "95": 3.425,
          "96": 3.44,
          "97": 3.455,
          "98": 3.47,
          "99": 3.485,
          "100": 5.5,
          "101": 5.515,
          "102": 5.53,
          "103": 5.545,
          "104": 5.56,
          "105": 5.575,
          "106": 5.59,
          "107": 5.605,
          "108": 5.62,
          "109": 5.635,
          "110": 5.65,
          "111": 5.665,
          "112": 5.68,
          "113": 5.695,
          "114": 5.71,
          "115": 5.725,
          "116": 5.74,
          "117": 5.755,
          "118": 5.77,
          "119": 5.785,
          "120": 5.8,
          "121": 5.815,
          "122": 5.83,
          "123": 5.845,
          "124": 5.86,
          "125": 5.875,
          "126": 5.89,
          "127": 5.905,
          "128": 5.92,
          "129": 5.935,
          "130": 5.95,
          "131": 5.965,
          "132": 5.98,
          "133": 5.995,
          "134": 5.01,
          "135": 5.025,
          "136": 5.04,
          "137": 5.055,
          "138": 5.07,
          "139": 5.085,
          "140": 5.1,
          "141": 5.115,
          "142": 5.13,
          "143": 5.145,
          "144": 5.16,
          "145": 5.175,
          "146": 5.19,
          "147": 5.205,
          "148": 5.22,
          "149": 5.235,
          "150": 5.25,
          "151": 5.265,
          "152": 5.28,
          "153": 5.295,
          "154": 5.31,
          "155": 5.325,
          "156": 5.34,
          "157": 5.355,
          "158": 5.37,
          "159": 5.385,
          "160": 5.4,
          "161": 5.415,
          "162": 5.43,
          "163": 5.445,
          "164": 5.46,
          "165": 5.475,
          "166": 5.49,
          "167": 5.505,
          "168": 5.52,
          "169": 5.535,
          "170": 5.55
        },
        "Template": {
          "$type": "Darkages.Types.ItemTemplate, Darkages.Server",
          "ID": 0,
          "CanStack": false,
          "MaxStack": 0,
          "Image": 210,
          "DisplayImage": 32978,
          "ScriptName": "Generic",
          "Gender": 255,
          "HealthModifer": {
            "$type": "Darkages.Types.StatusOperator, Darkages.Server",
            "Option": 0,
            "Value": 300
          },
          "ManaModifer": null,
          "StrModifer": null,
          "IntModifer": null,
          "WisModifer": null,
          "ConModifer": null,
          "DexModifer": null,
          "AcModifer": null,
          "MrModifer": null,
          "HitModifer": {
            "$type": "Darkages.Types.StatusOperator, Darkages.Server",
            "Option": 0,
            "Value": 2
          },
          "DmgModifer": null,
          "SpellOperator": null,
          "OffenseElement": 0,
          "DefenseElement": 0,
          "CarryWeight": 2,
          "Flags": 95,
          "MaxDurability": 2000,
          "Value": 1500,
          "EquipmentSlot": 8,
          "NpcKey": null,
          "Class": 0,
          "LevelRequired": 1,
          "DmgMin": 0,
          "DmgMax": 0,
          "DropRate": 0.0,
          "StageRequired": 0,
          "HasPants": false,
          "Color": 0,
          "Name": "Small Spinal Ring"
        },
        "Cursed": false,
        "Owner": 20306,
        "Image": 210,
        "DisplayImage": 32978,
        "Stacks": 0,
        "Slot": 3,
        "Durability": 2000,
        "Warnings": {
          "$type": "System.Boolean[], mscorlib",
          "$values": [
            false,
            false,
            false
          ]
        },
        "Color": 13,
        "Upgrades": 0,
        "Type": null,
        "BonusHitChance": 0,
        "AttackType": 0,
        "DamageType": 0,
        "DefinedDamage": 0,
        "DefinedPercentage": 0,
        "Debuffs": {
          "$type": "System.Collections.Concurrent.ConcurrentDictionary`2[[System.String, mscorlib],[Darkages.Types.Debuff, Darkages.Server]], mscorlib"
        },
        "Buffs": {
          "$type": "System.Collections.Concurrent.ConcurrentDictionary`2[[System.String, mscorlib],[Darkages.Types.Buff, Darkages.Server]], mscorlib"
        },
        "TargetPool": {
          "$type": "System.Collections.Concurrent.ConcurrentDictionary`2[[System.UInt32, mscorlib],[System.TimeSpan, mscorlib]], mscorlib"
        },
        "Serial": 24852,
        "X": 1,
        "Y": 3,
        "CurrentHp": 0,
        "CurrentMp": 0,
        "_MaximumHp": 0,
        "_MaximumMp": 0,
        "_Str": 0,
        "_Int": 0,
        "_Wis": 0,
        "_Con": 0,
        "_Dex": 0,
        "_Mr": 0,
        "_Dmg": 0,
        "_Hit": 0,
        "Direction": 0,
        "CurrentMapId": 100,
        "OffenseElement": 0,
        "DefenseElement": 0,
        "Amplified": 0,
        "MajorAttribute": 0,
        "CanMove": true,
        "CanCast": true
      }
    },
    "LGauntlet": null,
    "RGauntlet": null,
    "Belt": null,
    "Greaves": null,
    "Boots": null,
    "FirstAcc": null,
    "Overcoat": null,
    "DisplayHelm": null,
    "SecondAcc": null
  },
  "ActiveStatus": 0,
  "PortalSession": null,
  "BonusHitChance": 0,
  "AttackType": 0,
  "DamageType": 0,
  "DefinedDamage": 0,
  "DefinedPercentage": 0,
  "Debuffs": {
    "$type": "System.Collections.Concurrent.ConcurrentDictionary`2[[System.String, mscorlib],[Darkages.Types.Debuff, Darkages.Server]], mscorlib"
  },
  "Buffs": {
    "$type": "System.Collections.Concurrent.ConcurrentDictionary`2[[System.String, mscorlib],[Darkages.Types.Buff, Darkages.Server]], mscorlib"
  },
  "TargetPool": {
    "$type": "System.Collections.Concurrent.ConcurrentDictionary`2[[System.UInt32, mscorlib],[System.TimeSpan, mscorlib]], mscorlib"
  },
  "Serial": 20306,
  "X": 2,
  "Y": 6,
  "CurrentHp": 669,
  "CurrentMp": 36,
  "_MaximumHp": 69,
  "_MaximumMp": 36,
  "_Str": 3,
  "_Int": 3,
  "_Wis": 3,
  "_Con": 3,
  "_Dex": 3,
  "_Mr": 0,
  "_Dmg": 0,
  "_Hit": 0,
  "Direction": 1,
  "CurrentMapId": 100,
  "OffenseElement": 0,
  "DefenseElement": 0,
  "Amplified": 0,
  "MajorAttribute": 0,
  "CanMove": true,
  "CanCast": true
}