{
  "$type": "Darkages.Aisling, Darkages.Server",
  "MonsterKillCounters": {
    "$type": "System.Collections.Generic.Dictionary`2[[System.String, mscorlib],[System.Int32, mscorlib]], mscorlib"
  },
  "Reactions": {
    "$type": "System.Collections.Generic.Dictionary`2[[System.String, mscorlib],[System.DateTime, mscorlib]], mscorlib"
  },
  "rnd": {
    "$type": "System.Random, mscorlib"
  },
  "GameSettings": {
    "$type": "System.Collections.Generic.List`1[[Darkages.Types.ClientGameSettings, Darkages.Server]], mscorlib",
    "$values": [
      {
        "$type": "Darkages.Types.ClientGameSettings, Darkages.Server",
        "EnabledSettingStr": "Loot Mode  :Single",
        "DisabledSettingStr": "Loot Mode  :Multi",
        "Enabled": true
      },
      {
        "$type": "Darkages.Types.ClientGameSettings, Darkages.Server",
        "EnabledSettingStr": "PVP  :ON",
        "DisabledSettingStr": "PVP  :OFF",
        "Enabled": true
      },
      {
        "$type": "Darkages.Types.ClientGameSettings, Darkages.Server",
        "EnabledSettingStr": "AUTO LOOT GOLD  :OFF",
        "DisabledSettingStr": "AUTO LOOT GOLD  :ON",
        "Enabled": false
      }
    ]
  },
  "BankManager": {
    "$type": "Darkages.Types.Bank, Darkages.Server",
    "Items": {
      "$type": "System.Collections.Generic.Dictionary`2[[System.String, mscorlib],[System.Int32, mscorlib]], mscorlib"
    }
  },
  "CurrentWeight": 0,
  "Username": "hi",
  "Password": "hi",
  "AbpLevel": 0,
  "AbpTotal": 0,
  "AbpNext": 0,
  "ExpLevel": 1,
  "ExpTotal": 1,
  "ExpNext": 600,
  "Title": 0,
  "ClassID": 0,
  "GamePoints": 0,
  "GoldPoints": 0,
  "StatPoints": 0,
  "BodyColor": 0,
  "BodyStyle": 0,
  "FaceColor": 0,
  "FaceStyle": 0,
  "HairColor": 0,
  "HairStyle": 3,
  "Boots": 0,
  "Helmet": 0,
  "Shield": 0,
  "Weapon": 0,
  "Armor": 0,
  "OverCoat": 0,
  "Pants": 0,
  "PictureData": {
    "$type": "System.Byte[], mscorlib",
    "$value": ""
  },
  "ProfileMessage": "",
  "LoggedIn": true,
  "Nation": 2,
  "Clan": "",
  "Resting": 0,
  "TutorialCompleted": false,
  "Blind": 0,
  "HeadAccessory1": 0,
  "HeadAccessory2": 0,
  "ClanTitle": "",
  "ClanRank": "",
  "BootColor": 0,
  "NameColor": 1,
  "Gender": 1,
  "Created": "2019-01-31T13:02:57.6898879Z",
  "LastLogged": "2019-01-31T13:03:02.1261952Z",
  "Flags": 0,
  "PartyStatus": 1,
  "Quests": {
    "$type": "System.Collections.Generic.List`1[[Darkages.Types.Quest, Darkages.Server]], mscorlib",
    "$values": [
      {
        "$type": "Darkages.Types.Quest, Darkages.Server",
        "ItemRewards": {
          "$type": "System.Collections.Generic.List`1[[System.String, mscorlib]], mscorlib",
          "$values": [
            "Shirt",
            "Small Emerald Ring",
            "Small Spinal Ring"
          ]
        },
        "LegendRewards": {
          "$type": "System.Collections.Generic.List`1[[Darkages.Types.Legend+LegendItem, Darkages.Server]], mscorlib",
          "$values": [
            {
              "$type": "Darkages.Types.Legend+LegendItem, Darkages.Server",
              "Icon": 0,
              "Color": 32,
              "Category": "Event",
              "Value": "A Spiritual Awakening"
            }
          ]
        },
        "QuestStages": {
          "$type": "System.Collections.Generic.List`1[[Darkages.Types.QuestStep`1[[Darkages.Types.Template, Darkages.Server]], Darkages.Server]], mscorlib",
          "$values": [
            {
              "$type": "Darkages.Types.QuestStep`1[[Darkages.Types.Template, Darkages.Server]], Darkages.Server",
              "Type": 0,
              "StepComplete": false,
              "AcceptedMessage": null,
              "RejectedMessage": null
            }
          ]
        },
        "SkillRewards": {
          "$type": "System.Collections.Generic.List`1[[System.String, mscorlib]], mscorlib",
          "$values": []
        },
        "SpellRewards": {
          "$type": "System.Collections.Generic.List`1[[System.String, mscorlib]], mscorlib",
          "$values": []
        },
        "ExpRewards": {
          "$type": "System.Collections.Generic.List`1[[System.UInt32, mscorlib]], mscorlib",
          "$values": []
        },
        "Name": "awakening",
        "Started": true,
        "Completed": false,
        "TimeStarted": "0001-01-01T00:00:00",
        "TimeCompleted": "0001-01-01T00:00:00",
        "GoldReward": 1000,
        "StageIndex": 0,
        "Rewarded": false
      }
    ]
  },
  "Stage": 0,
  "Path": 0,
  "LegendBook": {
    "$type": "Darkages.Types.Legend, Darkages.Server",
    "LegendMarks": {
      "$type": "System.Collections.Generic.List`1[[Darkages.Types.Legend+LegendItem, Darkages.Server]], mscorlib",
      "$values": [
        {
          "$type": "Darkages.Types.Legend+LegendItem, Darkages.Server",
          "Icon": 7,
          "Color": 100,
          "Category": "Event",
          "Value": "Aisling Age of Aquarius"
        },
        {
          "$type": "Darkages.Types.Legend+LegendItem, Darkages.Server",
          "Icon": 0,
          "Color": 75,
          "Category": "Event",
          "Value": "Lividia Citizen"
        }
      ]
    }
  },
  "Display": 16,
  "SkillBook": {
    "$type": "Darkages.Types.SkillBook, Darkages.Server",
    "Skills": {
      "$type": "System.Collections.Generic.Dictionary`2[[System.Int32, mscorlib],[Darkages.Types.Skill, Darkages.Server]], mscorlib",
      "1": {
        "$type": "Darkages.Types.Skill, Darkages.Server",
        "Template": {
          "$type": "Darkages.Types.SkillTemplate, Darkages.Server",
          "ID": 1,
          "Icon": 1,
          "ScriptName": "Assail",
          "LevelRate": 0.01,
          "Cooldown": 0,
          "MaxLevel": 100,
          "MissAnimation": 0,
          "TargetAnimation": 0,
          "FailMessage": null,
          "Type": 0,
          "Pane": 1,
          "PostQualifers": 0,
          "Sound": 1,
          "Debuff": null,
          "Buff": null,
          "Prerequisites": {
            "$type": "Darkages.Types.LearningPredicate, Darkages.Server",
            "Quests_Completed_Required": {
              "$type": "System.Collections.Generic.List`1[[System.String, mscorlib]], mscorlib",
              "$values": []
            },
            "Areas_Visited_Required": {
              "$type": "System.Collections.Generic.List`1[[System.UInt16, mscorlib]], mscorlib",
              "$values": []
            },
            "Items_Required": {
              "$type": "System.Collections.Generic.List`1[[Darkages.Types.ItemPredicate, Darkages.Server]], mscorlib",
              "$values": []
            },
            "Stage_Required": 0,
            "Class_Required": 0,
            "ExpLevel_Required": 0,
            "Str_Required": 0,
            "Int_Required": 0,
            "Wis_Required": 0,
            "Dex_Required": 0,
            "Con_Required": 0,
            "Gold_Required": 0,
            "Skill_Required": null,
            "Skill_Level_Required": 0,
            "Skill_Tier_Required": 0,
            "Spell_Required": null,
            "Spell_Level_Required": 0,
            "Spell_Tier_Required": 0
          },
          "NpcKey": "Martial Arts Trainer",
          "TierLevel": 0,
          "Name": "Assail",
          "Description": "Attack.",
          "Group": null
        },
        "Slot": 1,
        "Icon": 1,
        "Level": 1,
        "ID": 1091620891,
        "NextAvailableUse": "2019-01-31T13:03:21.1190608Z",
        "Ready": true,
        "InUse": false,
        "Uses": 2
      },
      "2": {
        "$type": "Darkages.Types.Skill, Darkages.Server",
        "Template": {
          "$type": "Darkages.Types.SkillTemplate, Darkages.Server",
          "ID": 3,
          "Icon": 4,
          "ScriptName": "Double Punch",
          "LevelRate": 0.02,
          "Cooldown": 0,
          "MaxLevel": 100,
          "MissAnimation": 0,
          "TargetAnimation": 274,
          "FailMessage": null,
          "Type": 0,
          "Pane": 1,
          "PostQualifers": 0,
          "Sound": 16,
          "Debuff": null,
          "Buff": null,
          "Prerequisites": {
            "$type": "Darkages.Types.LearningPredicate, Darkages.Server",
            "Quests_Completed_Required": {
              "$type": "System.Collections.Generic.List`1[[System.String, mscorlib]], mscorlib",
              "$values": []
            },
            "Areas_Visited_Required": {
              "$type": "System.Collections.Generic.List`1[[System.UInt16, mscorlib]], mscorlib",
              "$values": []
            },
            "Items_Required": {
              "$type": "System.Collections.Generic.List`1[[Darkages.Types.ItemPredicate, Darkages.Server]], mscorlib",
              "$values": [
                {
                  "$type": "Darkages.Types.ItemPredicate, Darkages.Server",
                  "Item": "Dirk",
                  "AmountRequired": 1
                }
              ]
            },
            "Stage_Required": 0,
            "Class_Required": 5,
            "ExpLevel_Required": 9,
            "Str_Required": 6,
            "Int_Required": 0,
            "Wis_Required": 0,
            "Dex_Required": 5,
            "Con_Required": 4,
            "Gold_Required": 5000,
            "Skill_Required": "Assail",
            "Skill_Level_Required": 100,
            "Skill_Tier_Required": 0,
            "Spell_Required": null,
            "Spell_Level_Required": 0,
            "Spell_Tier_Required": 0
          },
          "NpcKey": "Dean",
          "TierLevel": 0,
          "Name": "Double Punch",
          "Description": null,
          "Group": null
        },
        "Slot": 2,
        "Icon": 4,
        "Level": 1,
        "ID": 912493240,
        "NextAvailableUse": "2019-01-31T13:03:21.1190608Z",
        "Ready": true,
        "InUse": false,
        "Uses": 2
      },
      "3": {
        "$type": "Darkages.Types.Skill, Darkages.Server",
        "Template": {
          "$type": "Darkages.Types.SkillTemplate, Darkages.Server",
          "ID": 0,
          "Icon": 59,
          "ScriptName": "Claw Fist",
          "LevelRate": 0.03,
          "Cooldown": 10,
          "MaxLevel": 100,
          "MissAnimation": 33,
          "TargetAnimation": 0,
          "FailMessage": "failed.",
          "Type": 1,
          "Pane": 1,
          "PostQualifers": 0,
          "Sound": 21,
          "Debuff": null,
          "Buff": {
            "$type": "Darkages.Storage.locales.Buffs.buff_clawfist, Darkages.Server",
            "Name": "Claw Fist",
            "Length": 27,
            "Icon": 59,
            "value": 0,
            "Cancelled": false,
            "Timer": {
              "$type": "Darkages.Network.Game.GameServerTimer, Darkages.Server",
              "Timer": "00:00:00",
              "Delay": "00:00:01",
              "Elapsed": false,
              "Disabled": false,
              "Interval": 0,
              "Tick": 0
            }
          },
          "Prerequisites": {
            "$type": "Darkages.Types.LearningPredicate, Darkages.Server",
            "Quests_Completed_Required": {
              "$type": "System.Collections.Generic.List`1[[System.String, mscorlib]], mscorlib",
              "$values": []
            },
            "Areas_Visited_Required": {
              "$type": "System.Collections.Generic.List`1[[System.UInt16, mscorlib]], mscorlib",
              "$values": []
            },
            "Items_Required": {
              "$type": "System.Collections.Generic.List`1[[Darkages.Types.ItemPredicate, Darkages.Server]], mscorlib",
              "$values": [
                {
                  "$type": "Darkages.Types.ItemPredicate, Darkages.Server",
                  "Item": "Gargoyle Fiend's Skull",
                  "AmountRequired": 1
                },
                {
                  "$type": "Darkages.Types.ItemPredicate, Darkages.Server",
                  "Item": "Frog's Leg",
                  "AmountRequired": 1
                }
              ]
            },
            "Stage_Required": 0,
            "Class_Required": 5,
            "ExpLevel_Required": 29,
            "Str_Required": 0,
            "Int_Required": 0,
            "Wis_Required": 0,
            "Dex_Required": 32,
            "Con_Required": 30,
            "Gold_Required": 50000,
            "Skill_Required": "Double Punch",
            "Skill_Level_Required": 70,
            "Skill_Tier_Required": 0,
            "Spell_Required": null,
            "Spell_Level_Required": 0,
            "Spell_Tier_Required": 0
          },
          "NpcKey": "Kung-Fu Master",
          "TierLevel": 9,
          "Name": "Claw Fist",
          "Description": "Doubles all unarmed assail damage for it's duration.",
          "Group": "Attack Bonus"
        },
        "Slot": 3,
        "Icon": 59,
        "Level": 1,
        "ID": 45302537,
        "NextAvailableUse": "2019-01-31T13:03:01.6210997Z",
        "Ready": true,
        "InUse": false,
        "Uses": 0
      },
      "4": null,
      "5": null,
      "6": null,
      "7": null,
      "8": null,
      "9": null,
      "10": null,
      "11": null,
      "12": null,
      "13": null,
      "14": null,
      "15": null,
      "16": null,
      "17": null,
      "18": null,
      "19": null,
      "20": null,
      "21": null,
      "22": null,
      "23": null,
      "24": null,
      "25": null,
      "26": null,
      "27": null,
      "28": null,
      "29": null,
      "30": null,
      "31": null,
      "32": null,
      "33": null,
      "34": null,
      "35": null,
      "36": {
        "$type": "Darkages.Types.Skill, Darkages.Server",
        "Template": null,
        "Slot": 0,
        "Icon": 0,
        "Level": 0,
        "ID": 0,
        "NextAvailableUse": "0001-01-01T00:00:00",
        "Ready": true,
        "InUse": false,
        "Uses": 0
      },
      "37": null,
      "38": null,
      "39": null,
      "40": null,
      "41": null,
      "42": null,
      "43": null,
      "44": null,
      "45": null,
      "46": null,
      "47": null,
      "48": null,
      "49": null,
      "50": null,
      "51": null,
      "52": null,
      "53": null,
      "54": null,
      "55": null,
      "56": null,
      "57": null,
      "58": null,
      "59": null,
      "60": null,
      "61": null,
      "62": null,
      "63": null,
      "64": null,
      "65": null,
      "66": null,
      "67": null,
      "68": null,
      "69": null,
      "70": null,
      "71": null,
      "72": null,
      "73": null,
      "74": null,
      "75": null,
      "76": null,
      "77": null,
      "78": null,
      "79": null,
      "80": null,
      "81": null,
      "82": null,
      "83": null,
      "84": null,
      "85": null,
      "86": null,
      "87": null,
      "88": null,
      "89": null,
      "90": null,
      "91": null,
      "92": null,
      "93": null,
      "94": null,
      "95": null,
      "96": null,
      "97": null,
      "98": null,
      "99": null,
      "100": null,
      "101": null,
      "102": null,
      "103": null,
      "104": null,
      "105": null
    },
    "Length": 105
  },
  "SpellBook": {
    "$type": "Darkages.Types.SpellBook, Darkages.Server",
    "Spells": {
      "$type": "System.Collections.Generic.Dictionary`2[[System.Int32, mscorlib],[Darkages.Types.Spell, Darkages.Server]], mscorlib",
      "1": {
        "$type": "Darkages.Types.Spell, Darkages.Server",
        "Casts": 0,
        "ID": 1016350179,
        "Template": {
          "$type": "Darkages.Types.SpellTemplate, Darkages.Server",
          "Icon": 152,
          "MaxLevel": 0,
          "ScriptKey": "Create",
          "MinLines": 0,
          "MaxLines": 0,
          "ManaCost": 0,
          "Text": "Enter Item Name ->",
          "Debuff": null,
          "Buff": null,
          "TargetType": 1,
          "BaseLines": 0,
          "LevelRate": 0.0,
          "Sound": 0,
          "Animation": 0,
          "DamageExponent": 0.0,
          "Pane": 3,
          "ElementalProperty": 0,
          "Prerequisites": null,
          "NpcKey": null,
          "TierLevel": 0,
          "TargetAnimation": 0,
          "IsTrap": false,
          "Name": "Create Item",
          "Description": null,
          "Group": null
        },
        "Level": 1,
        "Slot": 1,
        "NextAvailableUse": "2019-01-31T13:03:01.7221741Z",
        "InUse": false
      },
      "2": null,
      "3": null,
      "4": null,
      "5": null,
      "6": null,
      "7": null,
      "8": null,
      "9": null,
      "10": null,
      "11": null,
      "12": null,
      "13": null,
      "14": null,
      "15": null,
      "16": null,
      "17": null,
      "18": null,
      "19": null,
      "20": null,
      "21": null,
      "22": null,
      "23": null,
      "24": null,
      "25": null,
      "26": null,
      "27": null,
      "28": null,
      "29": null,
      "30": null,
      "31": null,
      "32": null,
      "33": null,
      "34": null,
      "35": null,
      "36": {
        "$type": "Darkages.Types.Spell, Darkages.Server",
        "Casts": 0,
        "ID": 0,
        "Template": null,
        "Level": 0,
        "Slot": 0,
        "NextAvailableUse": "0001-01-01T00:00:00",
        "InUse": false
      },
      "37": null,
      "38": null,
      "39": null,
      "40": null,
      "41": null,
      "42": null,
      "43": null,
      "44": null,
      "45": null,
      "46": null,
      "47": null,
      "48": null,
      "49": null,
      "50": null,
      "51": null,
      "52": null,
      "53": null,
      "54": null,
      "55": null,
      "56": null,
      "57": null,
      "58": null,
      "59": null,
      "60": null,
      "61": null,
      "62": null,
      "63": null,
      "64": null,
      "65": null,
      "66": null,
      "67": null,
      "68": null,
      "69": null,
      "70": null,
      "71": null,
      "72": null,
      "73": null,
      "74": null,
      "75": null,
      "76": null,
      "77": null,
      "78": null,
      "79": null,
      "80": null,
      "81": null,
      "82": null,
      "83": null,
      "84": null,
      "85": null,
      "86": null,
      "87": null,
      "88": null,
      "89": null,
      "90": null,
      "91": null,
      "92": null,
      "93": null,
      "94": null,
      "95": null,
      "96": null,
      "97": null,
      "98": null,
      "99": null,
      "100": null,
      "101": null,
      "102": null,
      "103": null,
      "104": null,
      "105": null
    },
    "Length": 105
  },
  "Inventory": {
    "$type": "Darkages.Types.Inventory, Darkages.Server",
    "Items": {
      "$type": "System.Collections.Generic.Dictionary`2[[System.Int32, mscorlib],[Darkages.Types.Item, Darkages.Server]], mscorlib",
      "1": null,
      "2": null,
      "3": null,
      "4": null,
      "5": null,
      "6": null,
      "7": null,
      "8": null,
      "9": null,
      "10": null,
      "11": null,
      "12": null,
      "13": null,
      "14": null,
      "15": null,
      "16": null,
      "17": null,
      "18": null,
      "19": null,
      "20": null,
      "21": null,
      "22": null,
      "23": null,
      "24": null,
      "25": null,
      "26": null,
      "27": null,
      "28": null,
      "29": null,
      "30": null,
      "31": null,
      "32": null,
      "33": null,
      "34": null,
      "35": null,
      "36": null,
      "37": null,
      "38": null,
      "39": null,
      "40": null,
      "41": null,
      "42": null,
      "43": null,
      "44": null,
      "45": null,
      "46": null,
      "47": null,
      "48": null,
      "49": null,
      "50": null,
      "51": null,
      "52": null,
      "53": null,
      "54": null,
      "55": null,
      "56": null,
      "57": null,
      "58": null,
      "59": null
    },
    "Length": 59
  },
  "EquipmentManager": {
    "$type": "Darkages.Types.EquipmentManager, Darkages.Server",
    "Equipment": {
      "$type": "System.Collections.Generic.Dictionary`2[[System.Int32, mscorlib],[Darkages.Types.EquipmentSlot, Darkages.Server]], mscorlib",
      "1": null,
      "2": null,
      "3": null,
      "4": null,
      "5": null,
      "6": null,
      "7": null,
      "8": null,
      "9": null,
      "10": null,
      "11": null,
      "12": null,
      "13": null,
      "14": null,
      "15": null,
      "16": null,
      "17": null
    },
    "Weapon": null,
    "Armor": null,
    "Shield": null,
    "Helmet": null,
    "Earring": null,
    "Necklace": null,
    "LRing": null,
    "RRing": null,
    "LGauntlet": null,
    "RGauntlet": null,
    "Belt": null,
    "Greaves": null,
    "Boots": null,
    "FirstAcc": null,
    "Overcoat": null,
    "DisplayHelm": null,
    "SecondAcc": null
  },
  "ActiveStatus": 0,
  "PortalSession": null,
  "IsBot": false,
  "BonusHitChance": 0,
  "AttackType": 0,
  "DamageType": 0,
  "DefinedDamage": 0,
  "DefinedPercentage": 0,
  "Debuffs": {
    "$type": "System.Collections.Concurrent.ConcurrentDictionary`2[[System.String, mscorlib],[Darkages.Types.Debuff, Darkages.Server]], mscorlib"
  },
  "Buffs": {
    "$type": "System.Collections.Concurrent.ConcurrentDictionary`2[[System.String, mscorlib],[Darkages.Types.Buff, Darkages.Server]], mscorlib"
  },
  "TargetPool": {
    "$type": "System.Collections.Concurrent.ConcurrentDictionary`2[[System.UInt32, mscorlib],[System.TimeSpan, mscorlib]], mscorlib"
  },
  "Serial": 172986749,
  "X": 11,
  "Y": 8,
  "CurrentHp": 60,
  "CurrentMp": 30,
  "_MaximumHp": 60,
  "_MaximumMp": 30,
  "_Str": 3,
  "_Int": 3,
  "_Wis": 3,
  "_Con": 3,
  "_Dex": 3,
  "_Mr": 0,
  "_Dmg": 0,
  "_Hit": 0,
  "Direction": 1,
  "CurrentMapId": 100,
  "OffenseElement": 0,
  "DefenseElement": 0,
  "Amplified": 0,
  "MajorAttribute": 0,
  "Exists": true,
  "CanMove": true,
  "CanCast": true,
  "EmpoweredAssail": false
}