{
  "$type": "Darkages.Aisling, Darkages.Server",
  "MonsterKillCounters": {
    "$type": "System.Collections.Generic.Dictionary`2[[System.String, mscorlib],[System.Int32, mscorlib]], mscorlib"
  },
  "Reactions": {
    "$type": "System.Collections.Generic.Dictionary`2[[System.String, mscorlib],[System.DateTime, mscorlib]], mscorlib"
  },
  "rnd": {
    "$type": "System.Random, mscorlib"
  },
  "GameSettings": {
    "$type": "System.Collections.Generic.List`1[[Darkages.Types.ClientGameSettings, Darkages.Server]], mscorlib",
    "$values": [
      {
        "$type": "Darkages.Types.ClientGameSettings, Darkages.Server",
        "EnabledSettingStr": "Loot Mode  :Single",
        "DisabledSettingStr": "Loot Mode  :Multi",
        "Enabled": true
      },
      {
        "$type": "Darkages.Types.ClientGameSettings, Darkages.Server",
        "EnabledSettingStr": "PVP  :ON",
        "DisabledSettingStr": "PVP  :OFF",
        "Enabled": true
      },
      {
        "$type": "Darkages.Types.ClientGameSettings, Darkages.Server",
        "EnabledSettingStr": "AUTO LOOT GOLD  :OFF",
        "DisabledSettingStr": "AUTO LOOT GOLD  :ON",
        "Enabled": false
      }
    ]
  },
  "BankManager": {
    "$type": "Darkages.Types.Bank, Darkages.Server",
    "Items": {
      "$type": "System.Collections.Generic.Dictionary`2[[System.String, mscorlib],[System.Int32, mscorlib]], mscorlib"
    }
  },
  "CurrentWeight": 0,
  "Username": "a",
  "Password": "a",
  "AbpLevel": 0,
  "AbpTotal": 0,
  "AbpNext": 0,
  "ExpLevel": 1,
  "ExpTotal": 1,
  "ExpNext": 600,
  "Title": 0,
  "ClassID": 0,
  "GamePoints": 0,
  "GoldPoints": 0,
  "StatPoints": 0,
  "BodyColor": 0,
  "BodyStyle": 0,
  "FaceColor": 0,
  "FaceStyle": 0,
  "HairColor": 0,
  "HairStyle": 4,
  "Boots": 0,
  "Helmet": 0,
  "Shield": 0,
  "Weapon": 0,
  "Armor": 0,
  "OverCoat": 0,
  "Pants": 0,
  "PictureData": {
    "$type": "System.Byte[], mscorlib",
    "$value": ""
  },
  "ProfileMessage": "",
  "LoggedIn": true,
  "Nation": 3,
  "Clan": "",
  "Resting": 0,
  "TutorialCompleted": false,
  "Blind": 0,
  "HeadAccessory1": 0,
  "HeadAccessory2": 0,
  "ClanTitle": "",
  "ClanRank": "",
  "BootColor": 0,
  "NameColor": 1,
  "Gender": 2,
  "Created": "2019-02-03T14:49:54.6009524Z",
  "LastLogged": "2019-02-03T14:49:59.2078862Z",
  "Flags": 0,
  "PartyStatus": 1,
  "Quests": {
    "$type": "System.Collections.Generic.List`1[[Darkages.Types.Quest, Darkages.Server]], mscorlib",
    "$values": [
      {
        "$type": "Darkages.Types.Quest, Darkages.Server",
        "ItemRewards": {
          "$type": "System.Collections.Generic.List`1[[System.String, mscorlib]], mscorlib",
          "$values": [
            "Blouse",
            "Small Emerald Ring",
            "Small Spinal Ring"
          ]
        },
        "LegendRewards": {
          "$type": "System.Collections.Generic.List`1[[Darkages.Types.Legend+LegendItem, Darkages.Server]], mscorlib",
          "$values": [
            {
              "$type": "Darkages.Types.Legend+LegendItem, Darkages.Server",
              "Icon": 0,
              "Color": 32,
              "Category": "Event",
              "Value": "A Spiritual Awakening"
            }
          ]
        },
        "QuestStages": {
          "$type": "System.Collections.Generic.List`1[[Darkages.Types.QuestStep`1[[Darkages.Types.Template, Darkages.Server]], Darkages.Server]], mscorlib",
          "$values": [
            {
              "$type": "Darkages.Types.QuestStep`1[[Darkages.Types.Template, Darkages.Server]], Darkages.Server",
              "Type": 0,
              "StepComplete": false,
              "AcceptedMessage": null,
              "RejectedMessage": null
            }
          ]
        },
        "SkillRewards": {
          "$type": "System.Collections.Generic.List`1[[System.String, mscorlib]], mscorlib",
          "$values": []
        },
        "SpellRewards": {
          "$type": "System.Collections.Generic.List`1[[System.String, mscorlib]], mscorlib",
          "$values": []
        },
        "ExpRewards": {
          "$type": "System.Collections.Generic.List`1[[System.UInt32, mscorlib]], mscorlib",
          "$values": []
        },
        "Name": "awakening",
        "Started": false,
        "Completed": false,
        "TimeStarted": "0001-01-01T00:00:00",
        "TimeCompleted": "0001-01-01T00:00:00",
        "GoldReward": 1000,
        "StageIndex": 0,
        "Rewarded": false
      }
    ]
  },
  "Stage": 0,
  "Path": 0,
  "LegendBook": {
    "$type": "Darkages.Types.Legend, Darkages.Server",
    "LegendMarks": {
      "$type": "System.Collections.Generic.List`1[[Darkages.Types.Legend+LegendItem, Darkages.Server]], mscorlib",
      "$values": [
        {
          "$type": "Darkages.Types.Legend+LegendItem, Darkages.Server",
          "Icon": 7,
          "Color": 100,
          "Category": "Event",
          "Value": "Aisling Age of Aquarius"
        },
        {
          "$type": "Darkages.Types.Legend+LegendItem, Darkages.Server",
          "Icon": 0,
          "Color": 125,
          "Category": "Event",
          "Value": "Amongst the Exile."
        }
      ]
    }
  },
  "Display": 32,
  "SkillBook": {
    "$type": "Darkages.Types.SkillBook, Darkages.Server",
    "Skills": {
      "$type": "System.Collections.Generic.Dictionary`2[[System.Int32, mscorlib],[Darkages.Types.Skill, Darkages.Server]], mscorlib",
      "1": null,
      "2": null,
      "3": null,
      "4": null,
      "5": null,
      "6": null,
      "7": null,
      "8": null,
      "9": null,
      "10": null,
      "11": null,
      "12": null,
      "13": null,
      "14": null,
      "15": null,
      "16": null,
      "17": null,
      "18": null,
      "19": null,
      "20": null,
      "21": null,
      "22": null,
      "23": null,
      "24": null,
      "25": null,
      "26": null,
      "27": null,
      "28": null,
      "29": null,
      "30": null,
      "31": null,
      "32": null,
      "33": null,
      "34": null,
      "35": null,
      "36": {
        "$type": "Darkages.Types.Skill, Darkages.Server",
        "Template": null,
        "Slot": 0,
        "Icon": 0,
        "Level": 0,
        "ID": 0,
        "NextAvailableUse": "0001-01-01T00:00:00",
        "Ready": true,
        "InUse": false,
        "Uses": 0
      },
      "37": null,
      "38": null,
      "39": null,
      "40": null,
      "41": null,
      "42": null,
      "43": null,
      "44": null,
      "45": null,
      "46": null,
      "47": null,
      "48": null,
      "49": null,
      "50": null,
      "51": null,
      "52": null,
      "53": null,
      "54": null,
      "55": null,
      "56": null,
      "57": null,
      "58": null,
      "59": null,
      "60": null,
      "61": null,
      "62": null,
      "63": null,
      "64": null,
      "65": null,
      "66": null,
      "67": null,
      "68": null,
      "69": null,
      "70": null,
      "71": null,
      "72": null,
      "73": null,
      "74": null,
      "75": null,
      "76": null,
      "77": null,
      "78": null,
      "79": null,
      "80": null,
      "81": null,
      "82": null,
      "83": null,
      "84": null,
      "85": null,
      "86": null,
      "87": null,
      "88": null,
      "89": null,
      "90": null,
      "91": null,
      "92": null,
      "93": null,
      "94": null,
      "95": null,
      "96": null,
      "97": null,
      "98": null,
      "99": null,
      "100": null,
      "101": null,
      "102": null,
      "103": null,
      "104": null,
      "105": null
    },
    "Length": 105
  },
  "SpellBook": {
    "$type": "Darkages.Types.SpellBook, Darkages.Server",
    "Spells": {
      "$type": "System.Collections.Generic.Dictionary`2[[System.Int32, mscorlib],[Darkages.Types.Spell, Darkages.Server]], mscorlib",
      "1": null,
      "2": null,
      "3": null,
      "4": null,
      "5": null,
      "6": null,
      "7": null,
      "8": null,
      "9": null,
      "10": null,
      "11": null,
      "12": null,
      "13": null,
      "14": null,
      "15": null,
      "16": null,
      "17": null,
      "18": null,
      "19": null,
      "20": null,
      "21": null,
      "22": null,
      "23": null,
      "24": null,
      "25": null,
      "26": null,
      "27": null,
      "28": null,
      "29": null,
      "30": null,
      "31": null,
      "32": null,
      "33": null,
      "34": null,
      "35": null,
      "36": {
        "$type": "Darkages.Types.Spell, Darkages.Server",
        "Casts": 0,
        "ID": 0,
        "Template": null,
        "Level": 0,
        "Slot": 0,
        "NextAvailableUse": "0001-01-01T00:00:00",
        "InUse": false
      },
      "37": null,
      "38": null,
      "39": null,
      "40": null,
      "41": null,
      "42": null,
      "43": null,
      "44": null,
      "45": null,
      "46": null,
      "47": null,
      "48": null,
      "49": null,
      "50": null,
      "51": null,
      "52": null,
      "53": null,
      "54": null,
      "55": null,
      "56": null,
      "57": null,
      "58": null,
      "59": null,
      "60": null,
      "61": null,
      "62": null,
      "63": null,
      "64": null,
      "65": null,
      "66": null,
      "67": null,
      "68": null,
      "69": null,
      "70": null,
      "71": null,
      "72": null,
      "73": null,
      "74": null,
      "75": null,
      "76": null,
      "77": null,
      "78": null,
      "79": null,
      "80": null,
      "81": null,
      "82": null,
      "83": null,
      "84": null,
      "85": null,
      "86": null,
      "87": null,
      "88": null,
      "89": null,
      "90": null,
      "91": null,
      "92": null,
      "93": null,
      "94": null,
      "95": null,
      "96": null,
      "97": null,
      "98": null,
      "99": null,
      "100": null,
      "101": null,
      "102": null,
      "103": null,
      "104": null,
      "105": null
    },
    "Length": 105
  },
  "Inventory": {
    "$type": "Darkages.Types.Inventory, Darkages.Server",
    "Items": {
      "$type": "System.Collections.Generic.Dictionary`2[[System.Int32, mscorlib],[Darkages.Types.Item, Darkages.Server]], mscorlib",
      "1": null,
      "2": null,
      "3": null,
      "4": null,
      "5": null,
      "6": null,
      "7": null,
      "8": null,
      "9": null,
      "10": null,
      "11": null,
      "12": null,
      "13": null,
      "14": null,
      "15": null,
      "16": null,
      "17": null,
      "18": null,
      "19": null,
      "20": null,
      "21": null,
      "22": null,
      "23": null,
      "24": null,
      "25": null,
      "26": null,
      "27": null,
      "28": null,
      "29": null,
      "30": null,
      "31": null,
      "32": null,
      "33": null,
      "34": null,
      "35": null,
      "36": null,
      "37": null,
      "38": null,
      "39": null,
      "40": null,
      "41": null,
      "42": null,
      "43": null,
      "44": null,
      "45": null,
      "46": null,
      "47": null,
      "48": null,
      "49": null,
      "50": null,
      "51": null,
      "52": null,
      "53": null,
      "54": null,
      "55": null,
      "56": null,
      "57": null,
      "58": null,
      "59": null
    },
    "Length": 59
  },
  "EquipmentManager": {
    "$type": "Darkages.Types.EquipmentManager, Darkages.Server",
    "Equipment": {
      "$type": "System.Collections.Generic.Dictionary`2[[System.Int32, mscorlib],[Darkages.Types.EquipmentSlot, Darkages.Server]], mscorlib",
      "1": null,
      "2": null,
      "3": null,
      "4": null,
      "5": null,
      "6": null,
      "7": null,
      "8": null,
      "9": null,
      "10": null,
      "11": null,
      "12": null,
      "13": null,
      "14": null,
      "15": null,
      "16": null,
      "17": null
    },
    "Weapon": null,
    "Armor": null,
    "Shield": null,
    "Helmet": null,
    "Earring": null,
    "Necklace": null,
    "LRing": null,
    "RRing": null,
    "LGauntlet": null,
    "RGauntlet": null,
    "Belt": null,
    "Greaves": null,
    "Boots": null,
    "FirstAcc": null,
    "Overcoat": null,
    "DisplayHelm": null,
    "SecondAcc": null
  },
  "ActiveStatus": 0,
  "PortalSession": null,
  "IsBot": false,
  "AttackType": 0,
  "DamageType": 0,
  "Debuffs": {
    "$type": "System.Collections.Concurrent.ConcurrentDictionary`2[[System.String, mscorlib],[Darkages.Types.Debuff, Darkages.Server]], mscorlib"
  },
  "Buffs": {
    "$type": "System.Collections.Concurrent.ConcurrentDictionary`2[[System.String, mscorlib],[Darkages.Types.Buff, Darkages.Server]], mscorlib"
  },
  "Serial": 2099160114,
  "X": 5,
  "Y": 5,
  "CurrentHp": 60,
  "CurrentMp": 30,
  "_MaximumHp": 60,
  "_MaximumMp": 30,
  "_Str": 3,
  "_Int": 3,
  "_Wis": 3,
  "_Con": 3,
  "_Dex": 3,
  "_Mr": 0,
  "_Dmg": 0,
  "_Hit": 0,
  "OffenseElement": 0,
  "DefenseElement": 0,
  "MajorAttribute": 0,
  "Direction": 0,
  "CurrentMapId": 100,
  "Amplified": 0
}